itemId,title,viewItemURL,galleryURL,location,postalCode,paymentMethodlistingType,bestOfferEnabled,buyItNowAvailable,currentPrice,bidCount,sellingState,paymentMethod,listingType
224910869663,Benchmade Knife Box Black Class Box 9500 Mini Stryker Empty Knife Factory Box,https://www.ebay.com/itm/Benchmade-Knife-Box-Black-Class-Box-9500-Mini-Stryker-Empty-Knife-Factory-Box-/224910869663,https://i.ebayimg.com/thumbs/images/g/nRgAAOSwIWZiQyfx/s-l140.jpg,"Hudson,FL,USA",346**,,false,false,10.0,,,,FixedPrice
203880048545,Benchmade 915 Triage Rescue Folding Knife Orange Safety Hook Glass Breaker 1gzs,https://www.ebay.com/itm/Benchmade-915-Triage-Rescue-Folding-Knife-Orange-Safety-Hook-Glass-Breaker-1gzs-/203880048545,https://i.ebayimg.com/thumbs/images/g/85gAAOSwWoBiO6JH/s-l140.jpg,"Pinellas Park,FL,USA",337**,,true,false,200.0,,,,FixedPrice
403558530149,Benchmade 940-2 Osborne Pocket Knife S30V,https://www.ebay.com/itm/Benchmade-940-2-Osborne-Pocket-Knife-S30V-/403558530149,https://i.ebayimg.com/thumbs/images/g/mqIAAOSwkgBiOdVF/s-l140.jpg,"Millville,PA,USA",178**,,false,false,173.99,,,,FixedPrice
393993932919,BENCHMADE - 551 MEL PARDUE - KNIFE DEFENSE ACCESSORIES,https://www.ebay.com/itm/BENCHMADE-551-MEL-PARDUE-KNIFE-DEFENSE-ACCESSORIES-/393993932919,https://i.ebayimg.com/thumbs/images/g/Zo4AAOSwl2NiNfkn/s-l140.jpg,"Huntington,WV,USA",257**,,true,false,124.99,,,,FixedPrice
363768349961,Discontinued Benchmade 300 SN Ball Axis Folding Knife-154CM Blade-Made USAüá∫üá∏,https://www.ebay.com/itm/Discontinued-Benchmade-300-SN-Ball-Axis-Folding-Knife-154CM-Blade-Made-USA-/363768349961,https://i.ebayimg.com/thumbs/images/g/aLIAAOSwxM9iNMiU/s-l140.jpg,"Riviera,USA",783**,,true,false,245.0,,,,FixedPrice
334359260730,Benchmade 553 Mel Pardue 154CM Griptilian Folding Pocket Knife Rare Discontinued,https://www.ebay.com/itm/Benchmade-553-Mel-Pardue-154CM-Griptilian-Folding-Pocket-Knife-Rare-Discontinued-/334359260730,https://i.ebayimg.com/thumbs/images/g/9LkAAOSwRhtiKiMR/s-l140.jpg,"Atlanta,GA,USA",303**,,true,false,107.99,,,,FixedPrice
125179115448,Benchmade 970 / Emerson Spec War CQC 7 Folding Pocket Knife,https://www.ebay.com/itm/Benchmade-970-Emerson-Spec-War-CQC-7-Folding-Pocket-Knife-/125179115448,https://i.ebayimg.com/thumbs/images/g/KW0AAOSwLLtiICDh/s-l140.jpg,"Rochester,NY,USA",146**,,true,false,495.0,,,,FixedPrice
294840725014,PARKER BENCHMADE TOPLOCK KNIVES WOOD HANDLE RARE,https://www.ebay.com/itm/PARKER-BENCHMADE-TOPLOCK-KNIVES-WOOD-HANDLE-RARE-/294840725014,https://i.ebayimg.com/thumbs/images/g/ySAAAOSwx41iDAfZ/s-l140.jpg,"Poughkeepsie,NY,USA",126**,,false,false,99.95,,,,FixedPrice
334347062128,Benchmade Griptillian 550 Folding Pocket Knife Pardue Design Combo Sheepsfoot,https://www.ebay.com/itm/Benchmade-Griptillian-550-Folding-Pocket-Knife-Pardue-Design-Combo-Sheepsfoot-/334347062128,https://i.ebayimg.com/thumbs/images/g/ZSQAAOSwLP1iHUO~/s-l140.jpg,"Atlanta,GA,USA",303**,,true,false,134.99,,,,FixedPrice
384755458647,"Benchmade 940-2 Blue Class Osborne Knife CPM-S30V, Manual Open",https://www.ebay.com/itm/Benchmade-940-2-Blue-Class-Osborne-Knife-CPM-S30V-Manual-Open-/384755458647,https://i.ebayimg.com/thumbs/images/g/L3YAAOSwR5diGnP1/s-l140.jpg,"Forks,WA,USA",983**,,false,false,189.0,,,,FixedPrice
154864423110,"Benchmade - Bugout 535 EDC Manual Open Folding Knife, Drop-Point Blade, Plain",https://www.ebay.com/itm/Benchmade-Bugout-535-EDC-Manual-Open-Folding-Knife-Drop-Point-Blade-Plain-/154864423110,https://i.ebayimg.com/thumbs/images/g/s0gAAOSwrdViFUej/s-l140.jpg,"Indianapolis,IN,USA",462**,,true,false,174.99,,,,FixedPrice
165345818955,Benchmade Mel Pardue Folding Knife,https://www.ebay.com/itm/Benchmade-Mel-Pardue-Folding-Knife-/165345818955,https://i.ebayimg.com/thumbs/images/g/dxUAAOSwtuZhfeDI/s-l140.jpg,"Louisville,NE,USA",680**,,false,false,250.0,,,,FixedPrice
234425847480,"Benchmade 417 Fact Folding Knife 3.95"" S30V Blade, Black Aluminum Handles - USED",https://www.ebay.com/itm/Benchmade-417-Fact-Folding-Knife-3-95-S30V-Blade-Black-Aluminum-Handles-USED-/234425847480,https://i.ebayimg.com/thumbs/images/g/v5YAAOSw5XBiDnbC/s-l140.jpg,"Pikesville,MD,USA",212**,,false,false,171.99,,,,FixedPrice
185298921717,Benchmade USA 565 Mini Freek Folding Pocket Knife S30V- Discontinued,https://www.ebay.com/itm/Benchmade-USA-565-Mini-Freek-Folding-Pocket-Knife-S30V-Discontinued-/185298921717,https://i.ebayimg.com/thumbs/images/g/240AAOSw28ZiDXWu/s-l140.jpg,"Houston,USA",770**,,false,false,140.0,,,,FixedPrice
363730945304,RARE/DISCONTINUED Benchmade Mini Ambush 10210 ‚ÄòRolling Lock‚Äô Folding Knife,https://www.ebay.com/itm/RARE-DISCONTINUED-Benchmade-Mini-Ambush-10210-Rolling-Lock-Folding-Knife-/363730945304,https://i.ebayimg.com/thumbs/images/g/rCEAAOSwfnBhGgPX/s-l140.jpg,"Riviera,USA",783**,,true,false,140.0,,,,FixedPrice
363727189252,RARE/DISCONTINUED Benchmade Crawford Leopard ATS-34 Folding Knife made in USA,https://www.ebay.com/itm/RARE-DISCONTINUED-Benchmade-Crawford-Leopard-ATS-34-Folding-Knife-made-USA-/363727189252,https://i.ebayimg.com/thumbs/images/g/glEAAOSwVM5iCX9u/s-l140.jpg,"Riviera,USA",783**,,true,false,210.0,,,,FixedPrice
154837507848,Benchmade 300SN Ball AXIS Flipper Folding Knife Rare Discontinued,https://www.ebay.com/itm/Benchmade-300SN-Ball-AXIS-Flipper-Folding-Knife-Rare-Discontinued-/154837507848,https://i.ebayimg.com/thumbs/images/g/7owAAOSwaShiA7v0/s-l140.jpg,Bulgaria,,,false,false,249.0,,,,FixedPrice
194786332315,DISCONTINUED RARE Benchmade Nim Cub II Knife 147BK Drop Point Fixed Blade,https://www.ebay.com/itm/DISCONTINUED-RARE-Benchmade-Nim-Cub-II-Knife-147BK-Drop-Point-Fixed-Blade-/194786332315,https://i.ebayimg.com/thumbs/images/g/tq4AAOSwFqRh-Enf/s-l140.jpg,"Santa Fe,NM,USA",875**,,true,false,750.0,,,,FixedPrice
194786273930,DISCONTINUED RARE Benchmade Nim Cub II Knife 147BK Drop Point Fixed Blade,https://www.ebay.com/itm/DISCONTINUED-RARE-Benchmade-Nim-Cub-II-Knife-147BK-Drop-Point-Fixed-Blade-/194786273930,https://i.ebayimg.com/thumbs/images/g/rdEAAOSwOyZh-D4Y/s-l140.jpg,"Santa Fe,NM,USA",875**,,true,false,850.0,,,,FixedPrice
165309893829,Benchmade Bradley Cutlery Alias II 17650BT-701 Blue Titanium S30V Folding Knife,https://www.ebay.com/itm/Benchmade-Bradley-Cutlery-Alias-II-17650BT-701-Blue-Titanium-S30V-Folding-Knife-/165309893829,https://i.ebayimg.com/thumbs/images/g/VUIAAOSwAeFh0SR3/s-l140.jpg,"Lewiston,NY,USA",140**,,true,false,295.0,,,,FixedPrice
255360567331,Benchmade 960 red osborne axis lock knife,https://www.ebay.com/itm/Benchmade-960-red-osborne-axis-lock-knife-/255360567331,https://i.ebayimg.com/thumbs/images/g/IWoAAOSw2ZBh7Gn3/s-l140.jpg,Canada,H2E2T3,,false,false,460.0,,,,FixedPrice
165289157898,Benchmade 940TI Osborne Axis S30V Titanium Limited Edition Folding Knife NOS,https://www.ebay.com/itm/Benchmade-940TI-Osborne-Axis-S30V-Titanium-Limited-Edition-Folding-Knife-NOS-/165289157898,https://i.ebayimg.com/thumbs/images/g/JYMAAOSweK9h5j9C/s-l140.jpg,"Lewiston,NY,USA",140**,,true,false,1595.0,,,,FixedPrice
313834041696,Benchmade Torrent 890,https://www.ebay.com/itm/Benchmade-Torrent-890-/313834041696,https://i.ebayimg.com/thumbs/images/g/oZQAAOSwZe5h4d~M/s-l140.jpg,"Grand Junction,CO,USA",815**,,true,false,225.0,,,,FixedPrice
154792677823,Benchmade 480-1 Shoki Nak-Lok Nakamura M390 Carbon Fiber Small Folding Knife NOS,https://www.ebay.com/itm/Benchmade-480-1-Shoki-Nak-Lok-Nakamura-M390-Carbon-Fiber-Small-Folding-Knife-NOS-/154792677823,https://i.ebayimg.com/thumbs/images/g/KPMAAOSwbkdh35g7/s-l140.jpg,"Lewiston,NY,USA",140**,,true,false,395.0,,,,FixedPrice
115168434777,Benchmade 556BKS30V Tactical Knife,https://www.ebay.com/itm/Benchmade-556BKS30V-Tactical-Knife-/115168434777,https://i.ebayimg.com/thumbs/images/g/a9IAAOSwdxdhUO99/s-l140.jpg,"Indian Trail,NC,USA",280**,,true,false,120.0,,,,FixedPrice
154777002995,Benchmade Bradley Cutlery Alias II 17650BT-600 Titanium S30V Folding Knife,https://www.ebay.com/itm/Benchmade-Bradley-Cutlery-Alias-II-17650BT-600-Titanium-S30V-Folding-Knife-/154777002995,https://i.ebayimg.com/thumbs/images/g/9GMAAOSwmoxh0SOu/s-l140.jpg,"Lewiston,NY,USA",140**,,true,false,275.0,,,,FixedPrice
154776832640,Benchmade 480 Shoki Nak-Lok S30V Wine Wood Nakamura Gentlemen's Folding Knife,https://www.ebay.com/itm/Benchmade-480-Shoki-Nak-Lok-S30V-Wine-Wood-Nakamura-Gentlemens-Folding-Knife-/154776832640,https://i.ebayimg.com/thumbs/images/g/josAAOSwmcBhvrIt/s-l140.jpg,"Lewiston,NY,USA",140**,,true,false,245.0,,,,FixedPrice
363671349952,RARE/DISCONTINUED Benchmade 707 Sequel McHenry & Williams Folding Knife-Madeüá∫üá∏,https://www.ebay.com/itm/RARE-DISCONTINUED-Benchmade-707-Sequel-McHenry-Williams-Folding-Knife-Made-/363671349952,https://i.ebayimg.com/thumbs/images/g/8xQAAOSwlYRhy3NU/s-l140.jpg,"Riviera,USA",783**,,true,false,300.0,,,,FixedPrice
185228319907,Benchmade knife emerson CQC7 model 970 SBT,https://www.ebay.com/itm/Benchmade-knife-emerson-CQC7-model-970-SBT-/185228319907,https://i.ebayimg.com/thumbs/images/g/i~wAAOSwwORhxiQi/s-l140.jpg,"West Chester,PA,USA",193**,,true,false,395.0,,,,FixedPrice
265467943925,Benchmade Knife Co. User Care Manual,https://www.ebay.com/itm/Benchmade-Knife-Co-User-Care-Manual-/265467943925,https://i.ebayimg.com/thumbs/images/g/SNUAAOSw2ZBhxeRC/s-l140.jpg,"Mount Washington,KY,USA",400**,,false,false,5.99,,,,FixedPrice
255292350930,FREE SHIP ! BALI - SONG BENCHMADE ATS - 34 LOCKBACK U.S.A. FOLDING POCKET KNIFE,https://www.ebay.com/itm/FREE-SHIP-BALI-SONG-BENCHMADE-ATS-34-LOCKBACK-U-S-A-FOLDING-POCKET-KNIFE-/255292350930,https://i.ebayimg.com/thumbs/images/g/1rQAAOSw931hw89u/s-l140.jpg,"Lakeland,FL,USA",338**,,false,false,189.0,,,,FixedPrice
165230881296,Benchmade 551S-1 Griptilian 20CV Blue/Grey G10 Axis Drop Point Folding Knife,https://www.ebay.com/itm/Benchmade-551S-1-Griptilian-20CV-Blue-Grey-G10-Axis-Drop-Point-Folding-Knife-/165230881296,https://i.ebayimg.com/thumbs/images/g/2QIAAOSwGH1hnwu~/s-l140.jpg,"Lewiston,NY,USA",140**,,true,false,135.0,,,,FixedPrice
363648288924,HK34 Drop point Black Knife 154CM Steel material,https://www.ebay.com/itm/HK34-Drop-point-Black-Knife-154CM-Steel-material-/363648288924,https://i.ebayimg.com/thumbs/images/g/n88AAOSwqrdiVBRG/s-l140.jpg,Japan,,,false,false,244.0,,,,FixedPrice
175053167036,Pre-Owned Benchmade 318-2 Proper Gent's EDC folding pocket knife,https://www.ebay.com/itm/Pre-Owned-Benchmade-318-2-Proper-Gents-EDC-folding-pocket-knife-/175053167036,https://i.ebayimg.com/thumbs/images/g/kLkAAOSwWgBhp7b-/s-l140.jpg,"Marianna,FL,USA",324**,,false,false,199.99,,,,FixedPrice
194582794720,GENTLEMEN‚ÄôS HARDWARE POCKET KNIFE MULTI TOOL W/ Detachable Flint,https://www.ebay.com/itm/GENTLEMEN-S-HARDWARE-POCKET-KNIFE-MULTI-TOOL-W-Detachable-Flint-/194582794720,https://i.ebayimg.com/thumbs/images/g/DOsAAOSwefdhgy-P/s-l140.jpg,"Rumford,ME,USA",042**,,false,false,19.99,,,,FixedPrice
334237790452,Ontario Mil-Spec XM-1 Extreme Military Folding Tactical Knife NIB Camo Handle,https://www.ebay.com/itm/Ontario-Mil-Spec-XM-1-Extreme-Military-Folding-Tactical-Knife-NIB-Camo-Handle-/334237790452,https://i.ebayimg.com/thumbs/images/g/mcwAAOSweY5hpm~z/s-l140.jpg,"Lakewood,WA,USA",984**,,false,false,149.95,,,,FixedPrice
334237777405,Original Benchmade Vex Folding Pocket Knife Liner Lock Plain Drop Point G-10,https://www.ebay.com/itm/Original-Benchmade-Vex-Folding-Pocket-Knife-Liner-Lock-Plain-Drop-Point-G-10-/334237777405,https://i.ebayimg.com/thumbs/images/g/XJAAAOSwbWJhpmy1/s-l140.jpg,"Lakewood,WA,USA",984**,,false,false,179.95,,,,FixedPrice
115120147138,Benchmade 556BKS30V Mini Griptilian,https://www.ebay.com/itm/Benchmade-556BKS30V-Mini-Griptilian-/115120147138,https://i.ebayimg.com/thumbs/images/g/a9IAAOSwdxdhUO99/s-l140.jpg,"Indian Trail,NC,USA",280**,,true,false,120.0,,,,FixedPrice
154719973264,Benchmade Knife Company 940 Osborne DLC Thumb Studs Factory OEM Takeoffs,https://www.ebay.com/itm/Benchmade-Knife-Company-940-Osborne-DLC-Thumb-Studs-Factory-OEM-Takeoffs-/154719973264,https://i.ebayimg.com/thumbs/images/g/rswAAOSwBERhoFna/s-l140.jpg,"Lewiston,NY,USA",140**,,false,false,25.0,,,,FixedPrice
165201175216,Benchmade 831S Ascent II Utility GIN-1 Tactical Folding Knife Discontinued,https://www.ebay.com/itm/Benchmade-831S-Ascent-II-Utility-GIN-1-Tactical-Folding-Knife-Discontinued-/165201175216,https://i.ebayimg.com/thumbs/images/g/MzUAAOSw1B9hnxM1/s-l140.jpg,"Lewiston,NY,USA",140**,,true,false,225.0,,,,FixedPrice
154718399591,Vintage Benchmade 690BT-BLU 154CM Blue Wood Carbon Fiber Folding Knife,https://www.ebay.com/itm/Vintage-Benchmade-690BT-BLU-154CM-Blue-Wood-Carbon-Fiber-Folding-Knife-/154718399591,https://i.ebayimg.com/thumbs/images/g/4DsAAOSwZI5hnwrK/s-l140.jpg,"Lewiston,NY,USA",140**,,true,false,325.0,,,,FixedPrice
154713841932,Vintage Benchmade Knife Company 2001 Catalog Brochure w/Price List NOS,https://www.ebay.com/itm/Vintage-Benchmade-Knife-Company-2001-Catalog-Brochure-w-Price-List-NOS-/154713841932,https://i.ebayimg.com/thumbs/images/g/2oEAAOSwiehclXZT/s-l140.jpg,"Lewiston,NY,USA",140**,,true,false,30.0,,,,FixedPrice
154707589000,Benchmade Griptilion 550 Knife,https://www.ebay.com/itm/Benchmade-Griptilion-550-Knife-/154707589000,https://i.ebayimg.com/thumbs/images/g/xF4AAOSwBWRhZED2/s-l140.jpg,"Longview,USA",756**,,false,false,155.0,,,,FixedPrice
154674968082,Benchmade 581 Barrage Osborne M390 Folding Knife Rare Discontinued,https://www.ebay.com/itm/Benchmade-581-Barrage-Osborne-M390-Folding-Knife-Rare-Discontinued-/154674968082,https://i.ebayimg.com/thumbs/images/g/vHYAAOSwUl5he~~U/s-l140.jpg,Bulgaria,,,false,false,379.0,,,,FixedPrice
234244866278,Benchmade HK 14716 USA D2 Folding Pocket Knife Axis Lock Plain Edge G10 Handle,https://www.ebay.com/itm/Benchmade-HK-14716-USA-D2-Folding-Pocket-Knife-Axis-Lock-Plain-Edge-G10-Handle-/234244866278,https://i.ebayimg.com/thumbs/images/g/fh8AAOSwZOBhbwkb/s-l140.jpg,"Atlanta,GA,USA",303**,,true,false,179.99,,,,FixedPrice
194430011617,DISCONTINUED RARE Benchmade Nim Cub II Knife 147SBK Drop Point Fixed Blade,https://www.ebay.com/itm/DISCONTINUED-RARE-Benchmade-Nim-Cub-II-Knife-147SBK-Drop-Point-Fixed-Blade-/194430011617,https://i.ebayimg.com/thumbs/images/g/LnwAAOSw-XxhY2oy/s-l140.jpg,"Santa Fe,NM,USA",875**,,true,false,950.0,,,,FixedPrice
224621026250,Benchmade Small Ascent pocket knife,https://www.ebay.com/itm/Benchmade-Small-Ascent-pocket-knife-/224621026250,https://i.ebayimg.com/thumbs/images/g/huwAAOSw~2ZhTSFi/s-l140.jpg,"Tucson,AZ,USA",857**,,true,false,195.0,,,,FixedPrice
174933411146,Benchmade 537GY1 3.38 inch Folding Pocket Knife Blue Read Description!!! Bugout,https://www.ebay.com/itm/Benchmade-537GY1-3-38-inch-Folding-Pocket-Knife-Blue-Read-Description-Bugout-/174933411146,https://i.ebayimg.com/thumbs/images/g/-mYAAOSwGRphO7Tp/s-l140.jpg,"Clinton,TN,USA",377**,,true,false,120.0,,,,FixedPrice
154600019696,Benchmade 805S TSEK Axis G10 440C Tactical Large Folding Knife Discontinued FP,https://www.ebay.com/itm/Benchmade-805S-TSEK-Axis-G10-440C-Tactical-Large-Folding-Knife-Discontinued-FP-/154600019696,https://i.ebayimg.com/thumbs/images/g/cj0AAOSwTvZhNsFn/s-l140.jpg,"Lewiston,NY,USA",140**,,true,false,335.0,,,,FixedPrice
353658782540,BENCHMADE 522 Mel Paradue 440C Folding knife outdoor Japan,https://www.ebay.com/itm/BENCHMADE-522-Mel-Paradue-440C-Folding-knife-outdoor-Japan-/353658782540,https://i.ebayimg.com/thumbs/images/g/TlQAAOSwdXlhNBMI/s-l140.jpg,Japan,,,true,false,209.64,,,,FixedPrice
174820566353,Benchmade Knife Holster,https://www.ebay.com/itm/Benchmade-Knife-Holster-/174820566353,https://i.ebayimg.com/thumbs/images/g/uuMAAOSwc15ehd9C/s-l140.jpg,"Ringgold,GA,USA",307**,,true,false,42.0,,,,FixedPrice
194215444121,GENTLEMEN‚ÄôS HARDWARE POCKET KNIFE MULTI TOOL,https://www.ebay.com/itm/GENTLEMEN-S-HARDWARE-POCKET-KNIFE-MULTI-TOOL-/194215444121,https://i.ebayimg.com/thumbs/images/g/My4AAOSw9NRg1Tu~/s-l140.jpg,"Centralia,IL,USA",628**,,false,false,17.99,,,,StoreInventory
255022963235,Bench Made 840 SBT Ascent Knife.,https://www.ebay.com/itm/Bench-Made-840-SBT-Ascent-Knife-/255022963235,https://i.ebayimg.com/thumbs/images/g/Kg0AAOSwpqBgzOK-/s-l140.jpg,"Traverse City,MI,USA",496**,,false,false,200.0,,,,FixedPrice
393392751111,Benchmade Steigerwalt EDC Knife 890SBK Torrent Nitrous 154CM G10 DISCONTINUED!!!,https://www.ebay.com/itm/Benchmade-Steigerwalt-EDC-Knife-890SBK-Torrent-Nitrous-154CM-G10-DISCONTINUED-/393392751111,https://i.ebayimg.com/thumbs/images/g/RLQAAOSwWDlgxmaV/s-l140.jpg,"Phoenix,AZ,USA",850**,,false,false,245.0,,,,FixedPrice
164888927511,Benchmade Knife Company 2001 Military & Law Enforcement Catalog w/Price List NOS,https://www.ebay.com/itm/Benchmade-Knife-Company-2001-Military-Law-Enforcement-Catalog-w-Price-List-NOS-/164888927511,https://i.ebayimg.com/thumbs/images/g/HhYAAOSwdZJclXcY/s-l140.jpg,"Lewiston,NY,USA",140**,,true,false,30.0,,,,StoreInventory
133704690749,BenchMade 805 HSSR Drop Point Folding Axis Lock Pocket Knife,https://www.ebay.com/itm/BenchMade-805-HSSR-Drop-Point-Folding-Axis-Lock-Pocket-Knife-/133704690749,https://i.ebayimg.com/thumbs/images/g/41AAAOSwLWRgXKj-/s-l140.jpg,"Claremore,OK,USA",740**,,false,false,199.99,,,,FixedPrice
303923533558,Benchmade 940-1 EDC Manual Open Folding Knife - carbon fiber,https://www.ebay.com/itm/Benchmade-940-1-EDC-Manual-Open-Folding-Knife-carbon-fiber-/303923533558,https://i.ebayimg.com/thumbs/images/g/fh0AAOSwwkhgUWra/s-l140.jpg,"Rockford,IL,USA",611**,,true,false,349.0,,,,FixedPrice
233871337082,Benchmade 910 knife made in USA (lot#16356),https://www.ebay.com/itm/Benchmade-910-knife-made-USA-lot-16356-/233871337082,https://i.ebayimg.com/thumbs/images/g/nG4AAOSwn1tgDeXT/s-l140.jpg,"Wernersville,PA,USA",195**,,false,false,260.0,,,,StoreInventory
114588141449,Benchmade Torrent Folding Knife - FIRST PRODUCTION 370/1000 - DISCONTINUED,https://www.ebay.com/itm/Benchmade-Torrent-Folding-Knife-FIRST-PRODUCTION-370-1000-DISCONTINUED-/114588141449,https://i.ebayimg.com/thumbs/images/g/BG8AAOSwN21f4THn/s-l140.jpg,"La Jolla,CA,USA",920**,,true,false,349.99,,,PayPal,FixedPrice
333825660043,"Benchmade Knife - Dealer Sign / Display / Banner ~70"" x ~18"" Collectible",https://www.ebay.com/itm/Benchmade-Knife-Dealer-Sign-Display-Banner-70-x-18-Collectible-/333825660043,https://i.ebayimg.com/thumbs/images/g/U4gAAOSw6odf2OCO/s-l140.jpg,"Lufkin,USA",759**,,false,false,159.99,,,,FixedPrice
274597665462,BENCHMADE KNIFE SIBERT DESIGN BLACK BLADE 22.5‚Äù,https://www.ebay.com/itm/BENCHMADE-KNIFE-SIBERT-DESIGN-BLACK-BLADE-22-5-/274597665462,https://i.ebayimg.com/thumbs/images/g/5zUAAOSwDvJe9MzL/s-l140.jpg,"Palm Harbor,FL,USA",346**,,true,false,250.0,,,PayPal,FixedPrice
143817115528,Benchmade 535S Blade w/ (Black Carve G10) Rogue Bladeworks Scales - Bugout Knife,https://www.ebay.com/itm/Benchmade-535S-Blade-w-Black-Carve-G10-Rogue-Bladeworks-Scales-Bugout-Knife-/143817115528,https://i.ebayimg.com/thumbs/images/g/kOUAAOSwZjxfWBKD/s-l140.jpg,"Lufkin,USA",759**,,false,false,229.99,,,,FixedPrice
154145174262,Benchmade 732BT Ares Axis Folding Knife Rare Discontinued,https://www.ebay.com/itm/Benchmade-732BT-Ares-Axis-Folding-Knife-Rare-Discontinued-/154145174262,https://i.ebayimg.com/thumbs/images/g/arIAAOSwg9FiEO2M/s-l140.jpg,Bulgaria,,,false,false,399.0,,,,FixedPrice
333737054329,"Benchmade Knife Company - Dealer Sign / Display / Banner ~70"" x ~18"" Collectible",https://www.ebay.com/itm/Benchmade-Knife-Company-Dealer-Sign-Display-Banner-70-x-18-Collectible-/333737054329,https://i.ebayimg.com/thumbs/images/g/vmAAAOSwbCldnoRf/s-l140.jpg,"Lufkin,USA",759**,,false,false,159.99,,,,FixedPrice
362986740416,Discontinued/ Rare- HK 14402 Pika II Lock Back Folding Knife,https://www.ebay.com/itm/Discontinued-Rare-HK-14402-Pika-II-Lock-Back-Folding-Knife-/362986740416,https://i.ebayimg.com/thumbs/images/g/ZLEAAOSw1N1esQjl/s-l140.jpg,"Riviera,USA",783**,,true,false,75.0,,,PayPal,FixedPrice
233315972739,Benchmade ATS 34 Crawford Design knife made in USA  (lot#13734),https://www.ebay.com/itm/Benchmade-ATS-34-Crawford-Design-knife-made-USA-lot-13734-/233315972739,https://i.ebayimg.com/thumbs/images/g/mwkAAOSwdUVdWKZT/s-l140.jpg,"Wernersville,PA,USA",195**,,false,false,175.0,,,PayPal,StoreInventory
284848059020,"Benchmade 535GRY-1 Bugout AXIS Folding Knife 3.24"" S30V Satin Plain Blade #R03",https://www.ebay.com/itm/Benchmade-535GRY-1-Bugout-AXIS-Folding-Knife-3-24-S30V-Satin-Plain-Blade-R03-/284848059020,https://i.ebayimg.com/thumbs/images/g/5TEAAOSw4JlioYlP/s-l140.jpg,"Denair,CA,USA",953**,,false,false,71.0,,,,Auction
125361769199,Benchmade 746BK Mini-Onslaught (Bob Lum Design) Folding Knife,https://www.ebay.com/itm/Benchmade-746BK-Mini-Onslaught-Bob-Lum-Design-Folding-Knife-/125361769199,https://i.ebayimg.com/thumbs/images/g/0bgAAOSwGzBioim8/s-l140.jpg,"Denver,CO,USA",802**,,true,false,274.0,,,,FixedPrice
374122055991,#831 Black Benchmade Mini-Pika 10410S Serrated Lockback Knife,https://www.ebay.com/itm/831-Black-Benchmade-Mini-Pika-10410S-Serrated-Lockback-Knife-/374122055991,https://i.ebayimg.com/thumbs/images/g/V~8AAOSwf5VioiiG/s-l140.jpg,"Bow,NH,USA",033**,,false,false,43.0,,,,Auction
295028999018,Benchmade USA Lum Design 154CM Folding Pocket Knife,https://www.ebay.com/itm/Benchmade-USA-Lum-Design-154CM-Folding-Pocket-Knife-/295028999018,https://i.ebayimg.com/thumbs/images/g/UnkAAOSwN~diXL09/s-l140.jpg,"Grand Junction,CO,USA",815**,,false,false,77.99,,,,Auction
304520384470,Benchmade 522 Folding Knife,https://www.ebay.com/itm/Benchmade-522-Folding-Knife-/304520384470,https://i.ebayimg.com/thumbs/images/g/kgMAAOSweYxiJOZX/s-l140.jpg,"Milaca,MN,USA",563**,,false,false,143.95,,,,Auction
125360731893,7 Knife Lot Spyderco/Benchmade,https://www.ebay.com/itm/7-Knife-Lot-Spyderco-Benchmade-/125360731893,https://i.ebayimg.com/thumbs/images/g/KrcAAOSwOtpioURz/s-l140.jpg,"Pottstown,PA,USA",194**,,false,false,1055.0,,,,Auction
314029307691,DISCONTINUED 1ST PROD RUN BENCHMADE 10300 MONOCHROME STEIRER EISEN KNIFE KNIVES,https://www.ebay.com/itm/DISCONTINUED-1ST-PROD-RUN-BENCHMADE-10300-MONOCHROME-STEIRER-EISEN-KNIFE-KNIVES-/314029307691,https://i.ebayimg.com/thumbs/images/g/UG4AAOSwtSVioSSZ/s-l140.jpg,"Tecumseh,OK,USA",748**,,true,false,148.0,,,,FixedPrice
234583212212,Benchmade 537GY1 3.38 inch Folding Pocket Knife,https://www.ebay.com/itm/Benchmade-537GY1-3-38-inch-Folding-Pocket-Knife-/234583212212,https://i.ebayimg.com/thumbs/images/g/KvkAAOSwkH9ioQxO/s-l140.jpg,"Apache Junction,AZ,USA",851**,,false,false,160.0,,,,FixedPrice
363865857911,RARE/DISCONTINUED Benchmade/HK 14135 Ghost 3.0 First Responder Folding Knife,https://www.ebay.com/itm/RARE-DISCONTINUED-Benchmade-HK-14135-Ghost-3-0-First-Responder-Folding-Knife-/363865857911,https://i.ebayimg.com/thumbs/images/g/k~0AAOSwp8NioFRE/s-l140.jpg,"Riviera,TX,USA",783**,,true,false,235.0,,,,FixedPrice
265727440079,RARE! HTF Benchmade USA Allen Elishewitz 154CM Folding Locking Tactical XL Knife,https://www.ebay.com/itm/RARE-HTF-Benchmade-USA-Allen-Elishewitz-154CM-Folding-Locking-Tactical-XL-Knife-/265727440079,https://i.ebayimg.com/thumbs/images/g/ZGAAAOSwo4RioBTs/s-l140.jpg,"Addison,IL,USA",601**,,false,false,81.0,,,,Auction
334467166095,Benchmade 612-BLK Crawford Leopard Cub Folding Knife,https://www.ebay.com/itm/Benchmade-612-BLK-Crawford-Leopard-Cub-Folding-Knife-/334467166095,https://i.ebayimg.com/thumbs/images/g/IOsAAOSwI8xin605/s-l140.jpg,"Lakeside,AZ,USA",859**,,false,true,65.0,,,,AuctionWithBIN
134141449221,Benchmade  745SBK Mini-Dejavoo Lum Design Folding Knife,https://www.ebay.com/itm/Benchmade-745SBK-Mini-Dejavoo-Lum-Design-Folding-Knife-/134141449221,https://i.ebayimg.com/thumbs/images/g/beYAAOSwSA9in~T~/s-l140.jpg,"Staten Island,NY,USA",103**,,true,false,155.0,,,,Auction
134141447841,Benchmade 300-1 Ball AXIS Flipper Folding Knife Rare Discontinued,https://www.ebay.com/itm/Benchmade-300-1-Ball-AXIS-Flipper-Folding-Knife-Rare-Discontinued-/134141447841,https://i.ebayimg.com/thumbs/images/g/IiAAAOSwEHhin~So/s-l140.jpg,"Staten Island,NY,USA",103**,,true,false,140.0,,,,Auction
134141437191,Benchmade Griptillian 154 CM Steel Merl Perdue Design Knife,https://www.ebay.com/itm/Benchmade-Griptillian-154-CM-Steel-Merl-Perdue-Design-Knife-/134141437191,https://i.ebayimg.com/thumbs/images/g/7FUAAOSwaalin-5q/s-l140.jpg,"Auburn,AL,USA",368**,,false,false,102.5,,,,Auction
284846250610,Used Benchmade 15061 Grizzly Ridge Folding Knife S30V AXIS Lock,https://www.ebay.com/itm/Used-Benchmade-15061-Grizzly-Ridge-Folding-Knife-S30V-AXIS-Lock-/284846250610,https://i.ebayimg.com/thumbs/images/g/QjQAAOSwojdin8Gs/s-l140.jpg,"Princeton,IN,USA",476**,,false,false,75.0,,,,Auction
165522168590,Benchmade Osborne 940-1 Knife Carbon Fiber - S90V,https://www.ebay.com/itm/Benchmade-Osborne-940-1-Knife-Carbon-Fiber-S90V-/165522168590,https://i.ebayimg.com/thumbs/images/g/0PsAAOSwiFhin7N-/s-l140.jpg,"Carson City,NV,USA",897**,,false,false,163.5,,,,Auction
185456121365,Benchmade Mini Adamas Folding Knife CPM-CruWear Steel Blade,https://www.ebay.com/itm/Benchmade-Mini-Adamas-Folding-Knife-CPM-CruWear-Steel-Blade-/185456121365,https://i.ebayimg.com/thumbs/images/g/IN4AAOSwOWdin58Y/s-l140.jpg,"Salem,VA,USA",241**,,false,false,171.5,,,,Auction
334467093297,Benchmade Griptilian Tanto Knife,https://www.ebay.com/itm/Benchmade-Griptilian-Tanto-Knife-/334467093297,https://i.ebayimg.com/thumbs/images/g/iRIAAOSwfh5in5wr/s-l140.jpg,"Eatontown,NJ,USA",077**,,false,false,81.0,,,,Auction
195116838957,Benchmade 556 Mini Griptilian Folding Pocket Knife 154CM Black Handle ~~BADASS~~,https://www.ebay.com/itm/Benchmade-556-Mini-Griptilian-Folding-Pocket-Knife-154CM-Black-Handle-BADASS-/195116838957,https://i.ebayimg.com/thumbs/images/g/sjMAAOSwKRlilgQ3/s-l140.jpg,"San Francisco,CA,USA",941**,,false,false,45.0,,,,Auction
295025588058,Lot of 2 Benchmade USA Belt Cutters,https://www.ebay.com/itm/Lot-2-Benchmade-USA-Belt-Cutters-/295025588058,https://i.ebayimg.com/thumbs/images/g/rvAAAOSwnzdiiGLu/s-l140.jpg,"Grand Junction,CO,USA",815**,,false,false,23.99,,,,Auction
255571224339,benchmade knife,https://www.ebay.com/itm/benchmade-knife-/255571224339,https://i.ebayimg.com/thumbs/images/g/oGMAAOSwlsFinq4H/s-l140.jpg,"Oyster Bay,NY,USA",117**,,false,false,93.0,,,,Auction
284844095850,Benchmade Folding Torx & Screwdriver Tool Kit w/ Knife Sharpener 985995F,https://www.ebay.com/itm/Benchmade-Folding-Torx-Screwdriver-Tool-Kit-w-Knife-Sharpener-985995F-/284844095850,https://i.ebayimg.com/thumbs/images/g/p08AAOSw8MdinWSF/s-l140.jpg,"Sherwood,OR,USA",971**,,false,false,41.0,,,,Auction
185453478485,Benchmade 585-S Mini-Barrage Folding Pocket Knife Black Osborne Design 154CM,https://www.ebay.com/itm/Benchmade-585-S-Mini-Barrage-Folding-Pocket-Knife-Black-Osborne-Design-154CM-/185453478485,https://i.ebayimg.com/thumbs/images/g/QOwAAOSwmPVinQEi/s-l140.jpg,"Olympia,WA,USA",985**,,true,false,89.99,,,,Auction
334465071736,Benchmade knife 875PS Elishewitz Sentinel,https://www.ebay.com/itm/Benchmade-knife-875PS-Elishewitz-Sentinel-/334465071736,https://i.ebayimg.com/thumbs/images/g/WHYAAOSwOGxinPGU/s-l140.jpg,"Wheaton,IL,USA",601**,,false,false,195.0,,,,FixedPrice
295022479841,Benchmade Bugout 535 Custom RGT Blue Jean Denim Micarta Scales S30V AXIS Knife,https://www.ebay.com/itm/Benchmade-Bugout-535-Custom-RGT-Blue-Jean-Denim-Micarta-Scales-S30V-AXIS-Knife-/295022479841,https://i.ebayimg.com/thumbs/images/g/SiwAAOSwn4linD~f/s-l140.jpg,"Huntington,WV,USA",257**,,false,false,195.0,,,,FixedPrice
175307744816,"Benchmade Nakamura Axis 484 Folding Pocket Knife, M390 Blade w/ G10 Handle",https://www.ebay.com/itm/Benchmade-Nakamura-Axis-484-Folding-Pocket-Knife-M390-Blade-w-G10-Handle-/175307744816,https://i.ebayimg.com/thumbs/images/g/X04AAOSwmjJinAY0/s-l140.jpg,"Phoenix,NY,USA",131**,,false,false,224.0,,,,FixedPrice
175307652470,Benchmade Arcane 490 CPM-S90V assisted open Knife,https://www.ebay.com/itm/Benchmade-Arcane-490-CPM-S90V-assisted-open-Knife-/175307652470,https://i.ebayimg.com/thumbs/images/g/8bUAAOSwwdFim-Jc/s-l140.jpg,"Phoenix,NY,USA",131**,,true,false,190.0,,,,FixedPrice
203980921398,Benchmade CPM-S30V Blade Folding Knife 570-1  AXIS Lock 3.72‚Äù,https://www.ebay.com/itm/Benchmade-CPM-S30V-Blade-Folding-Knife-570-1-AXIS-Lock-3-72-/203980921398,https://i.ebayimg.com/thumbs/images/g/TEUAAOSwSn5im25E/s-l140.jpg,"Towson,MD,USA",212**,,true,false,174.99,,,,FixedPrice
234578300113,Benchmade 484-1 Nakamura Axis Knife with Carbon Fiber Scales Discontinued Dox,https://www.ebay.com/itm/Benchmade-484-1-Nakamura-Axis-Knife-Carbon-Fiber-Scales-Discontinued-Dox-/234578300113,https://i.ebayimg.com/thumbs/images/g/3aIAAOSwMcdiky8c/s-l140.jpg,"Anchorage,AK,USA",995**,,false,false,172.5,,,,Auction
265721534222,BENCHMADE Freek 560BK-1801 Knife Natural G10 SCALES ONLY,https://www.ebay.com/itm/BENCHMADE-Freek-560BK-1801-Knife-Natural-G10-SCALES-ONLY-/265721534222,https://i.ebayimg.com/thumbs/images/g/fs0AAOSw00BimqHm/s-l140.jpg,"Bainbridge,NY,USA",137**,,false,false,49.99,,,,FixedPrice
175305905979,Benchmade D2 15005 Bone Collector Knife with leather case,https://www.ebay.com/itm/Benchmade-D2-15005-Bone-Collector-Knife-leather-case-/175305905979,https://i.ebayimg.com/thumbs/images/g/2NUAAOSwNFJimYUA/s-l140.jpg,"Los Lunas,NM,USA",870**,,true,false,200.0,,,,FixedPrice
165513954607,Benchmade Osborne 930 Kulgera Folding AXIS Knife - S30V Steel - DISCONTINUED,https://www.ebay.com/itm/Benchmade-Osborne-930-Kulgera-Folding-AXIS-Knife-S30V-Steel-DISCONTINUED-/165513954607,https://i.ebayimg.com/thumbs/images/g/eFIAAOSwo4RimMxu/s-l140.jpg,"Middleburg,FL,USA",320**,,false,false,319.95,,,,FixedPrice
155020384063,"Benchmade U.S.A Pocket Knife ATS-34 3"" Blade",https://www.ebay.com/itm/Benchmade-U-S-A-Pocket-Knife-ATS-34-3-Blade-/155020384063,https://i.ebayimg.com/thumbs/images/g/wQsAAOSwi61il4lr/s-l140.jpg,"Maywood,NJ,USA",076**,,true,false,124.99,,,CashOnPickup,FixedPrice
265718639611,BENCHMADE Freek 560BK-1801 Knife Axis Lock Plates,https://www.ebay.com/itm/BENCHMADE-Freek-560BK-1801-Knife-Axis-Lock-Plates-/265718639611,https://i.ebayimg.com/thumbs/images/g/jQsAAOSwsbJipn4n/s-l140.jpg,"Bainbridge,NY,USA",137**,,false,false,14.99,,,,FixedPrice
203974929603,Benchmade LUM Design 746S Mini-Onslaught Folding Knife 154CM Free Shipping,https://www.ebay.com/itm/Benchmade-LUM-Design-746S-Mini-Onslaught-Folding-Knife-154CM-Free-Shipping-/203974929603,https://i.ebayimg.com/thumbs/images/g/E6cAAOSwmxJil7by/s-l140.jpg,"Phoenix,AZ,USA",850**,,false,false,275.0,,,,FixedPrice
374109012654,Benchmade U.S.A Bali-Song Pocket Knife,https://www.ebay.com/itm/Benchmade-U-S-A-Bali-Song-Pocket-Knife-/374109012654,https://i.ebayimg.com/thumbs/images/g/Zf8AAOSwVBNil4km/s-l140.jpg,"Maywood,NJ,USA",076**,,true,false,169.99,,,CashOnPickup,FixedPrice
155019857322,Benchmade U.S.A Bali-Song Pocket Knife ATS-34 Crawford Design,https://www.ebay.com/itm/Benchmade-U-S-A-Bali-Song-Pocket-Knife-ATS-34-Crawford-Design-/155019857322,https://i.ebayimg.com/thumbs/images/g/OAkAAOSwS1xil4jq/s-l140.jpg,"Maywood,NJ,USA",076**,,true,false,174.99,,,CashOnPickup,FixedPrice
265717249636,Titanium Scales For Benchmade Bugout 535 Knife,https://www.ebay.com/itm/Titanium-Scales-Benchmade-Bugout-535-Knife-/265717249636,https://i.ebayimg.com/thumbs/images/g/ZcUAAOSwBg1iltBY/s-l140.jpg,"Bainbridge,NY,USA",137**,,false,false,63.0,,,,FixedPrice
195097622699,Benchmade 535GRY-1 Ambidextrous Foldable Pocket Knife - Green,https://www.ebay.com/itm/Benchmade-535GRY-1-Ambidextrous-Foldable-Pocket-Knife-Green-/195097622699,https://i.ebayimg.com/thumbs/images/g/tdwAAOSwl4dilgHn/s-l140.jpg,"San Francisco,CA,USA",941**,,true,false,100.0,,,,FixedPrice
363857316276,Discontinued- Benchmade  Big Spender 154cm -Pardue Money Clip Folding Knife-USA,https://www.ebay.com/itm/Discontinued-Benchmade-Big-Spender-154cm-Pardue-Money-Clip-Folding-Knife-USA-/363857316276,https://i.ebayimg.com/thumbs/images/g/NKcAAOSw1jpildgF/s-l140.jpg,"Riviera,TX,USA",783**,,true,false,185.0,,,,FixedPrice
125342721097,Heckler & Koch 14650SBT Black P30 Folding Knife By Benchmade Retired Used (420),https://www.ebay.com/itm/Heckler-Koch-14650SBT-Black-P30-Folding-Knife-Benchmade-Retired-Used-420-/125342721097,https://i.ebayimg.com/thumbs/images/g/ZfMAAOSwkQxilccX/s-l140.jpg,"Norwalk,CA,USA",906**,,false,false,89.99,,,,FixedPrice
125342688084,HK Heckler Koch 14144 Espionage Flipper Knife by Benchmade Rare/Discontinued 419,https://www.ebay.com/itm/HK-Heckler-Koch-14144-Espionage-Flipper-Knife-Benchmade-Rare-Discontinued-419-/125342688084,https://i.ebayimg.com/thumbs/images/g/Tr8AAOSwCUBilbmP/s-l140.jpg,"Norwalk,CA,USA",906**,,false,false,89.99,,,,FixedPrice
115404862428,Benchmade  Bailout Axis Knife,https://www.ebay.com/itm/Benchmade-Bailout-Axis-Knife-/115404862428,https://i.ebayimg.com/thumbs/images/g/ctkAAOSwCytilZhY/s-l140.jpg,"Chicago,IL,USA",606**,,true,false,225.0,,,,FixedPrice
115403539530,Ultra Rare Limited Edition Benchmade Folding Knife 140-121 Gold Class #791,https://www.ebay.com/itm/Ultra-Rare-Limited-Edition-Benchmade-Folding-Knife-140-121-Gold-Class-791-/115403539530,https://i.ebayimg.com/thumbs/images/g/J6kAAOSwNTdilDYR/s-l140.jpg,"Watsonville,CA,USA",950**,,true,false,1799.99,,,,FixedPrice
125340813395,BENCHMADE USA S30V MEL PARDUE Blade Folding Pocket Knife Camping Hunting,https://www.ebay.com/itm/BENCHMADE-USA-S30V-MEL-PARDUE-Blade-Folding-Pocket-Knife-Camping-Hunting-/125340813395,https://i.ebayimg.com/thumbs/images/g/gCwAAOSwirlia~TI/s-l140.jpg,"Rosedale,MD,USA",212**,,true,false,179.95,,,,FixedPrice
175299579327,Benchmade Mel Pardue 530 Axis Folding Pocket Knife - Black,https://www.ebay.com/itm/Benchmade-Mel-Pardue-530-Axis-Folding-Pocket-Knife-Black-/175299579327,https://i.ebayimg.com/thumbs/images/g/CFgAAOSwFedim9Bv/s-l140.jpg,USA,,,true,false,224.99,,,,FixedPrice
195091042559,Benchmade Knife Company Large Banner,https://www.ebay.com/itm/Benchmade-Knife-Company-Large-Banner-/195091042559,https://i.ebayimg.com/thumbs/images/g/V3EAAOSwXjFikp0~/s-l140.jpg,"Portland,OR,USA",972**,,false,false,149.99,,,,FixedPrice
155013639352,Benchmade 710D2 McHenry & Williams Folding Knife Rare Discontinued,https://www.ebay.com/itm/Benchmade-710D2-McHenry-Williams-Folding-Knife-Rare-Discontinued-/155013639352,https://i.ebayimg.com/thumbs/images/g/YzMAAOSwoV9ikhEk/s-l140.jpg,Bulgaria,,,false,false,389.0,,,,FixedPrice
155012434695,"Benchmade 300-1401 AXIS Flipper Folding Knife 3.18"" D2 Blade, Cabelas Edition",https://www.ebay.com/itm/Benchmade-300-1401-AXIS-Flipper-Folding-Knife-3-18-D2-Blade-Cabelas-Edition-/155012434695,https://i.ebayimg.com/thumbs/images/g/bp4AAOSwGzBikOb5/s-l140.jpg,"Ruidoso,NM,USA",883**,,false,false,250.0,,,,FixedPrice
155012408895,"Benchmade 908 AXIS Stryker II Folding Knife, 154 CM Satin Blade, G-10 Handles",https://www.ebay.com/itm/Benchmade-908-AXIS-Stryker-II-Folding-Knife-154-CM-Satin-Blade-G-10-Handles-/155012408895,https://i.ebayimg.com/thumbs/images/g/0qYAAOSwk91ikOEt/s-l140.jpg,"Ruidoso,NM,USA",883**,,false,false,250.0,,,,FixedPrice
234568665359,BENCHMADE KNIFE 595BK MINI BOOST IN GREAT CONDITION gox,https://www.ebay.com/itm/BENCHMADE-KNIFE-595BK-MINI-BOOST-GREAT-CONDITION-gox-/234568665359,https://i.ebayimg.com/thumbs/images/g/e0QAAOSw7q5iiZcV/s-l140.jpg,"Anchorage,AK,USA",995**,,true,false,135.0,,,,FixedPrice
155010938154,"Benchmade Large Emissary 477 3.5 AXIS- Assist Knife (3.45"" Satin Blade)",https://www.ebay.com/itm/Benchmade-Large-Emissary-477-3-5-AXIS-Assist-Knife-3-45-Satin-Blade-/155010938154,https://i.ebayimg.com/thumbs/images/g/zfwAAOSwBTtij4Mr/s-l140.jpg,"Ruidoso,NM,USA",883**,,false,false,300.0,,,,FixedPrice
125335226055,Benchmade 672 Apparition Folding Pocket Knife Warren Osborne Design,https://www.ebay.com/itm/Benchmade-672-Apparition-Folding-Pocket-Knife-Warren-Osborne-Design-/125335226055,https://i.ebayimg.com/thumbs/images/g/Y-MAAOSwSGRij4II/s-l140.jpg,"Rochester,NY,USA",146**,,false,false,235.0,,,,FixedPrice
125334532658,BENCHMADE Grizzly Ridge 15061 Knife CPM-S30V Stainless & Orange & Grey Versaflex,https://www.ebay.com/itm/BENCHMADE-Grizzly-Ridge-15061-Knife-CPM-S30V-Stainless-Orange-Grey-Versaflex-/125334532658,https://i.ebayimg.com/thumbs/images/g/akAAAOSwRRlijy9N/s-l140.jpg,"Spokane,WA,USA",992**,,false,false,152.0,,,,FixedPrice
374096671614,Benchmade Folding Knife 834 Accent 154CM Black BLADE In Great Condition GOX,https://www.ebay.com/itm/Benchmade-Folding-Knife-834-Accent-154CM-Black-BLADE-Great-Condition-GOX-/374096671614,https://i.ebayimg.com/thumbs/images/g/RyMAAOSwn8NiiCIf/s-l140.jpg,"Anchorage,AK,USA",995**,,true,false,135.0,,,,FixedPrice
125331543576,HK Heckler Koch 14140 Espionage Folding Knife by Benchmade Rare/Discontinued 391,https://www.ebay.com/itm/HK-Heckler-Koch-14140-Espionage-Folding-Knife-Benchmade-Rare-Discontinued-391-/125331543576,https://i.ebayimg.com/thumbs/images/g/rl0AAOSws3NijT3P/s-l140.jpg,"Norwalk,CA,USA",906**,,false,false,94.99,,,,FixedPrice
325202674623,Benchmade¬†15060-2 Grizzly Creek Hunt Class Folding Knife w/ Gut Hook S30V Blade,https://www.ebay.com/itm/Benchmade-15060-2-Grizzly-Creek-Hunt-Class-Folding-Knife-w-Gut-Hook-S30V-Blade-/325202674623,https://i.ebayimg.com/thumbs/images/g/4QIAAOSwwQVijTZB/s-l140.jpg,"New Alexandria,PA,USA",156**,,true,false,150.0,,,,FixedPrice
125330670186,Benchmade 15060-2 Grizzly Creek Wood Handle CPM-S30V Steel Folding Knife (389),https://www.ebay.com/itm/Benchmade-15060-2-Grizzly-Creek-Wood-Handle-CPM-S30V-Steel-Folding-Knife-389-/125330670186,https://i.ebayimg.com/thumbs/images/g/EtEAAOSwV9NijIRf/s-l140.jpg,"Norwalk,CA,USA",906**,,false,false,149.99,,,,FixedPrice
175292794121,BenchmadePresidio II Mini Folding Knife S30V Blade Aluminum Handles,https://www.ebay.com/itm/BenchmadePresidio-II-Mini-Folding-Knife-S30V-Blade-Aluminum-Handles-/175292794121,https://i.ebayimg.com/thumbs/images/g/HO8AAOSwHTVii~eT/s-l140.jpg,"Columbia,MO,USA",652**,,true,false,195.0,,,,FixedPrice
134127470080,"9‚Äù Black BENCHMADE Barrage Folding Pocket Knife, Model 580",https://www.ebay.com/itm/9-Black-BENCHMADE-Barrage-Folding-Pocket-Knife-Model-580-/134127470080,https://i.ebayimg.com/thumbs/images/g/mMcAAOSw6uRii-i3/s-l140.jpg,"Marietta,GA,USA",300**,,false,false,149.99,,,,FixedPrice
224998285152,BENCHMADE USA 556 POCKET KNIFE Mel PARDUE mini Griptilian 154cm GRAY HANDLE,https://www.ebay.com/itm/BENCHMADE-USA-556-POCKET-KNIFE-Mel-PARDUE-mini-Griptilian-154cm-GRAY-HANDLE-/224998285152,https://i.ebayimg.com/thumbs/images/g/NkYAAOSwi9Fiirld/s-l140.jpg,"Abingdon,VA,USA",242**,,true,false,92.97,,,,FixedPrice
195074648916,Benchmade Bailout Prototype 2019 custom knife,https://www.ebay.com/itm/Benchmade-Bailout-Prototype-2019-custom-knife-/195074648916,https://i.ebayimg.com/thumbs/images/g/IGUAAOSwXZpiip3y/s-l140.jpg,"Bastrop,TX,USA",786**,,false,false,145.0,,,,FixedPrice
255547824879,Benchmade Mini Loco 818BK Manual Pocket Knife S30V Discontinued,https://www.ebay.com/itm/Benchmade-Mini-Loco-818BK-Manual-Pocket-Knife-S30V-Discontinued-/255547824879,https://i.ebayimg.com/thumbs/images/g/eW0AAOSwn0BiipFg/s-l140.jpg,"Cleveland,OH,USA",441**,,false,false,149.95,,,,FixedPrice
284824137624,Benchmade Mini Monolock Ti Framelock Knife 765 Excellent Condition Full Kit,https://www.ebay.com/itm/Benchmade-Mini-Monolock-Ti-Framelock-Knife-765-Excellent-Condition-Full-Kit-/284824137624,https://i.ebayimg.com/thumbs/images/g/jXgAAOSw0VhiiZLG/s-l140.jpg,"San Francisco,CA,USA",941**,,true,false,349.99,,,,FixedPrice
175290116988,HK Heckler Koch (Benchmade) 14140 Folding Knife USA154CM Rare/Discontinued,https://www.ebay.com/itm/HK-Heckler-Koch-Benchmade-14140-Folding-Knife-USA154CM-Rare-Discontinued-/175290116988,https://i.ebayimg.com/thumbs/images/g/yTkAAOSwh51iiQHT/s-l140.jpg,"Millbrook,AL,USA",360**,,true,false,110.0,,,,FixedPrice
144562334731,Vintage Benchmade USA Monarch Series 500 S Balisong Part Serrated Folding Knife,https://www.ebay.com/itm/Vintage-Benchmade-USA-Monarch-Series-500-S-Balisong-Part-Serrated-Folding-Knife-/144562334731,https://i.ebayimg.com/thumbs/images/g/kwUAAOSw~gZiFULv/s-l140.jpg,"Gresham,OR,USA",970**,,false,false,128.85,,,,FixedPrice
165492880968,BENCHMADE KNIFE SIBERT DESIGN BLACK BLADE WITH POUCH,https://www.ebay.com/itm/BENCHMADE-KNIFE-SIBERT-DESIGN-BLACK-BLADE-POUCH-/165492880968,https://i.ebayimg.com/thumbs/images/g/kTYAAOSwvWliiBnW/s-l140.jpg,"Savannah,TN,USA",383**,,false,false,229.99,,,,FixedPrice
154997554308,Benchmade TRIAGE 916 SBK Folding Knife N680 Blunt Tip Glass Breaker,https://www.ebay.com/itm/Benchmade-TRIAGE-916-SBK-Folding-Knife-N680-Blunt-Tip-Glass-Breaker-/154997554308,https://i.ebayimg.com/thumbs/images/g/2VMAAOSwi25igwSZ/s-l140.jpg,"Cameron,NC,USA",283**,,false,false,129.0,,,,FixedPrice
125316088150,Benchmade 910 Stryker Elishewitz Bali-Song - Folding Knife - DISCONTINUED,https://www.ebay.com/itm/Benchmade-910-Stryker-Elishewitz-Bali-Song-Folding-Knife-DISCONTINUED-/125316088150,https://i.ebayimg.com/thumbs/images/g/PUwAAOSwk9ligUuy/s-l140.jpg,"Brooklyn,NY,USA",112**,,true,false,225.0,,,,FixedPrice
195057084725,Benchmade Knife Company 7 Knife Stand ‚Äî Excellent Condition,https://www.ebay.com/itm/Benchmade-Knife-Company-7-Knife-Stand-Excellent-Condition-/195057084725,https://i.ebayimg.com/thumbs/images/g/~d0AAOSwZoZigd5E/s-l140.jpg,"Portland,OR,USA",972**,,false,false,69.99,,,,FixedPrice
195057010767,Benchmade Knife Foam Mat ‚Äî Heavily Used,https://www.ebay.com/itm/Benchmade-Knife-Foam-Mat-Heavily-Used-/195057010767,https://i.ebayimg.com/thumbs/images/g/0lIAAOSwzAVigdDP/s-l140.jpg,"Portland,OR,USA",972**,,false,false,49.99,,,,FixedPrice
203951323330,Benchmade Plastic Knife Stand ‚Äî Excellent Condition,https://www.ebay.com/itm/Benchmade-Plastic-Knife-Stand-Excellent-Condition-/203951323330,https://i.ebayimg.com/thumbs/images/g/TlYAAOSwcBRigcjx/s-l140.jpg,"Portland,OR,USA",972**,,false,false,14.99,,,,FixedPrice
154992814716,Benchmade 531 Pardue AXIS Folding Knife Rare Discontinued,https://www.ebay.com/itm/Benchmade-531-Pardue-AXIS-Folding-Knife-Rare-Discontinued-/154992814716,https://i.ebayimg.com/thumbs/images/g/LIcAAOSwBClifl-4/s-l140.jpg,Bulgaria,,,false,false,249.0,,,,FixedPrice
363833504564,BENCHMADE MiniStriker Knife ATS-34 Steel Half Wave Blade,https://www.ebay.com/itm/BENCHMADE-MiniStriker-Knife-ATS-34-Steel-Half-Wave-Blade-/363833504564,https://i.ebayimg.com/thumbs/images/g/mPgAAOSwHUdiehw-/s-l140.jpg,Japan,,,false,false,259.0,,,,FixedPrice
265683317616,Vintage Benchmade Mel Pardue 850S Liner Lock Knife,https://www.ebay.com/itm/Vintage-Benchmade-Mel-Pardue-850S-Liner-Lock-Knife-/265683317616,https://i.ebayimg.com/thumbs/images/g/BJwAAOSwlnNiA~Ko/s-l140.jpg,"Philadelphia,PA,USA",191**,,true,false,449.99,,,,FixedPrice
125302842791,Discontinued Benchmade 1000001 Volli AXA PE Pocket Folding Knife Rare SHARP,https://www.ebay.com/itm/Discontinued-Benchmade-1000001-Volli-AXA-PE-Pocket-Folding-Knife-Rare-SHARP-/125302842791,https://i.ebayimg.com/thumbs/images/g/TTEAAOSwUHdid0Ly/s-l140.jpg,"Spokane,WA,USA",992**,,false,false,235.0,,,,FixedPrice
134105310551,Benchmade 595 Mini Boost Folding Knife - Preowned CLEAN! - Free Fast Shipping!,https://www.ebay.com/itm/Benchmade-595-Mini-Boost-Folding-Knife-Preowned-CLEAN-Free-Fast-Shipping-/134105310551,https://i.ebayimg.com/thumbs/images/g/QMkAAOSwRLRicWx~/s-l140.jpg,"Columbus,OH,USA",432**,,false,false,119.99,,,,FixedPrice
304472460409,Benchmade Osborne Folding Knives 940 Plain Edge Reverse Tanto Axis S30V,https://www.ebay.com/itm/Benchmade-Osborne-Folding-Knives-940-Plain-Edge-Reverse-Tanto-Axis-S30V-/304472460409,https://i.ebayimg.com/thumbs/images/g/RWEAAOSwkCJicVyu/s-l140.jpg,"Acton,ME,USA",040**,,true,false,199.99,,,,FixedPrice
294963439212,Discontinued Benchmade 1000001 Volli AXA PE Pocket Folding Knife Rare,https://www.ebay.com/itm/Discontinued-Benchmade-1000001-Volli-AXA-PE-Pocket-Folding-Knife-Rare-/294963439212,https://i.ebayimg.com/thumbs/images/g/Z5IAAOSwJsZicLgn/s-l140.jpg,"Pinole,CA,USA",945**,,true,false,250.0,,,,FixedPrice
134104392342,"6.75‚Äù Green BENCHMADE Folding Pocket Knife, Model 556",https://www.ebay.com/itm/6-75-Green-BENCHMADE-Folding-Pocket-Knife-Model-556-/134104392342,https://i.ebayimg.com/thumbs/images/g/-RIAAOSwiC9icDof/s-l140.jpg,"Marietta,GA,USA",300**,,false,false,99.99,,,,FixedPrice
125288284277,Benchmade Barrage Osborne 583 Knife Tanto Edge Assist,https://www.ebay.com/itm/Benchmade-Barrage-Osborne-583-Knife-Tanto-Edge-Assist-/125288284277,https://i.ebayimg.com/thumbs/images/g/BhUAAOSwF-JiTjyK/s-l140.jpg,"Spokane,WA,USA",992**,,false,false,120.0,,,,FixedPrice
203927777503,PARKER BENCHMADE TOPLOCK KNIVES WOOD HANDLE RARE,https://www.ebay.com/itm/PARKER-BENCHMADE-TOPLOCK-KNIVES-WOOD-HANDLE-RARE-/203927777503,https://i.ebayimg.com/thumbs/images/g/kt0AAOSwUA1iafqA/s-l140.jpg,"Arlington,IN,USA",461**,,false,false,60.99,,,,FixedPrice
224959653466,BENCHMADE 556 POCKET KNIFE USA  PARDUE  D2,https://www.ebay.com/itm/BENCHMADE-556-POCKET-KNIFE-USA-PARDUE-D2-/224959653466,https://i.ebayimg.com/thumbs/images/g/~tMAAOSwvf9iaBP8/s-l140.jpg,"Abingdon,VA,USA",242**,,true,false,92.97,,,,FixedPrice
234527067814,BENCHMADE Osborne 940-2 Knife CPM-S30V Steel & Black Carbon Fiber - USED,https://www.ebay.com/itm/BENCHMADE-Osborne-940-2-Knife-CPM-S30V-Steel-Black-Carbon-Fiber-USED-/234527067814,https://i.ebayimg.com/thumbs/images/g/XVQAAOSwRU9iaDd5/s-l140.jpg,"Pikesville,MD,USA",212**,,false,false,229.99,,,,FixedPrice
125279870398,Benchmade 15031-2 North Fork Knife Wood S30V Steel - AXIS Lock - Folding Knife,https://www.ebay.com/itm/Benchmade-15031-2-North-Fork-Knife-Wood-S30V-Steel-AXIS-Lock-Folding-Knife-/125279870398,https://i.ebayimg.com/thumbs/images/g/R8gAAOSwNlFiZscf/s-l140.jpg,"Brooklyn,NY,USA",112**,,true,false,135.0,,,,FixedPrice
125277584498,HK 14141 Flak Heckler & Koch Assisted Pocket Knife by Benchmade Rare Used (264),https://www.ebay.com/itm/HK-14141-Flak-Heckler-Koch-Assisted-Pocket-Knife-Benchmade-Rare-Used-264-/125277584498,https://i.ebayimg.com/thumbs/images/g/ad8AAOSwxt9iZMji/s-l140.jpg,"Norwalk,CA,USA",906**,,false,false,44.99,,,,FixedPrice
224953191314,Benchmade Knife Box Black Class Box 9CB-BLK Strap Cutter Empty Knife Factory Box,https://www.ebay.com/itm/Benchmade-Knife-Box-Black-Class-Box-9CB-BLK-Strap-Cutter-Empty-Knife-Factory-Box-/224953191314,https://i.ebayimg.com/thumbs/images/g/n0kAAOSw6TJiZCsY/s-l140.jpg,"Hudson,FL,USA",346**,,false,false,10.0,,,,FixedPrice
224953168510,Benchmade Knife 915-ORG Triage Black Class Empty Knife OEM Factory Box,https://www.ebay.com/itm/Benchmade-Knife-915-ORG-Triage-Black-Class-Empty-Knife-OEM-Factory-Box-/224953168510,https://i.ebayimg.com/thumbs/images/g/wmQAAOSwjYtiZCPG/s-l140.jpg,"Hudson,FL,USA",346**,,false,false,10.0,,,,FixedPrice
224953166464,Benchmade Knife 525SBK-701 L.E. 284/1000 Black Class Empty Knife OEM Factory Box,https://www.ebay.com/itm/Benchmade-Knife-525SBK-701-L-E-284-1000-Black-Class-Empty-Knife-OEM-Factory-Box-/224953166464,https://i.ebayimg.com/thumbs/images/g/SKYAAOSw4qFiZCLd/s-l140.jpg,"Hudson,FL,USA",346**,,false,false,10.0,,,,FixedPrice
294938696747,Benchmade 551 Mel Pardue Design Folding Knife - Black,https://www.ebay.com/itm/Benchmade-551-Mel-Pardue-Design-Folding-Knife-Black-/294938696747,https://i.ebayimg.com/thumbs/images/g/UG8AAOSw3qhiYMIb/s-l140.jpg,"Minneapolis,MN,USA",554**,,false,false,89.98,,,,FixedPrice
255498111261,"BENCHMADE 940-2 OSBORNE AXIS KNIFE 3.4"" S30V NON SERRATED BLADE BLACK G10 HANDLE",https://www.ebay.com/itm/BENCHMADE-940-2-OSBORNE-AXIS-KNIFE-3-4-S30V-NON-SERRATED-BLADE-BLACK-G10-HANDLE-/255498111261,https://i.ebayimg.com/thumbs/images/g/2X4AAOSwalpiYDSV/s-l140.jpg,"Lebanon,TN,USA",370**,,true,false,179.0,,,CashOnPickup,FixedPrice
265653519143,Benchmade Bugout 535 Limited Edition Customized RSD Scales Bowie Folding Knife,https://www.ebay.com/itm/Benchmade-Bugout-535-Limited-Edition-Customized-RSD-Scales-Bowie-Folding-Knife-/265653519143,https://i.ebayimg.com/thumbs/images/g/d6wAAOSwAdNiYAoO/s-l140.jpg,"Holbrook,NY,USA",117**,,true,false,375.0,,,,FixedPrice
165441337499,VINTAGE BENCHMADE 941 154CM FOLDING KNIFE,https://www.ebay.com/itm/VINTAGE-BENCHMADE-941-154CM-FOLDING-KNIFE-/165441337499,https://i.ebayimg.com/thumbs/images/g/-r4AAOSwACtiXykL/s-l140.jpg,"Tucson,AZ,USA",857**,,false,false,269.96,,,,FixedPrice
203916400140,Benchmade 10210 Mini Ambush Folding Knife MEL PARDUE,https://www.ebay.com/itm/Benchmade-10210-Mini-Ambush-Folding-Knife-MEL-PARDUE-/203916400140,https://i.ebayimg.com/thumbs/images/g/dQ0AAOSw6FliXAMY/s-l140.jpg,"Louisville,KY,USA",402**,,false,false,74.99,,,,FixedPrice
394030100921,BENCHMADE 950BK OSBORNE DESIGN FOLDING KNIFE - DISCONTINUED,https://www.ebay.com/itm/BENCHMADE-950BK-OSBORNE-DESIGN-FOLDING-KNIFE-DISCONTINUED-/394030100921,https://i.ebayimg.com/thumbs/images/g/az4AAOSwIttiVxNP/s-l140.jpg,"Tucson,AZ,USA",857**,,false,false,164.95,,,,FixedPrice
304430115070,"Benchmade 537 3v Tanto Blade Folding Knife, W/ Black Scales",https://www.ebay.com/itm/Benchmade-537-3v-Tanto-Blade-Folding-Knife-W-Black-Scales-/304430115070,https://i.ebayimg.com/thumbs/images/g/ItsAAOSwL39iTW4i/s-l140.jpg,"Merritt Island,FL,USA",329**,,true,false,185.0,,,,FixedPrice
325130947777,Benchmade 710BT McHenry and Williams Plain Edge ATS-34 Knife,https://www.ebay.com/itm/Benchmade-710BT-McHenry-and-Williams-Plain-Edge-ATS-34-Knife-/325130947777,https://i.ebayimg.com/thumbs/images/g/B5sAAOSwTLZiSh9W/s-l140.jpg,"Campbell,CA,USA",950**,,false,false,325.0,,,,FixedPrice
275245046123,Benchmade 745 Mini-Dejavoo Lum Design Folding Knife Rare Discontinued Black,https://www.ebay.com/itm/Benchmade-745-Mini-Dejavoo-Lum-Design-Folding-Knife-Rare-Discontinued-Black-/275245046123,https://i.ebayimg.com/thumbs/images/g/jdUAAOSwd8piRgXp/s-l140.jpg,France,785**,,false,false,325.0,,,,FixedPrice
275243733304,BENCHMADE USA CU585 S30V CUSTOMSHOP MINI BARRAGE LOCKBACK FOLDING SURVIVAL KNIFE,https://www.ebay.com/itm/BENCHMADE-USA-CU585-S30V-CUSTOMSHOP-MINI-BARRAGE-LOCKBACK-FOLDING-SURVIVAL-KNIFE-/275243733304,https://i.ebayimg.com/thumbs/images/g/QIEAAOSwg8FiPlzV/s-l140.jpg,"Tecumseh,OK,USA",748**,,true,false,229.99,,,,FixedPrice
185362512459,Benchmade ATS-34 Folding Pocket Knife U.S. Patent Pending Early Production,https://www.ebay.com/itm/Benchmade-ATS-34-Folding-Pocket-Knife-U-S-Patent-Pending-Early-Production-/185362512459,https://i.ebayimg.com/thumbs/images/g/KIAAAOSwrKBgfG8c/s-l140.jpg,"East Berlin,PA,USA",173**,,true,false,109.99,,,,FixedPrice
224910869663,Benchmade Knife Box Black Class Box 9500 Mini Stryker Empty Knife Factory Box,https://www.ebay.com/itm/Benchmade-Knife-Box-Black-Class-Box-9500-Mini-Stryker-Empty-Knife-Factory-Box-/224910869663,https://i.ebayimg.com/thumbs/images/g/nRgAAOSwIWZiQyfx/s-l140.jpg,"Hudson,FL,USA",346**,,false,false,10.0,,,,FixedPrice
203880048545,Benchmade 915 Triage Rescue Folding Knife Orange Safety Hook Glass Breaker 1gzs,https://www.ebay.com/itm/Benchmade-915-Triage-Rescue-Folding-Knife-Orange-Safety-Hook-Glass-Breaker-1gzs-/203880048545,https://i.ebayimg.com/thumbs/images/g/85gAAOSwWoBiO6JH/s-l140.jpg,"Pinellas Park,FL,USA",337**,,true,false,200.0,,,,FixedPrice
403558530149,Benchmade 940-2 Osborne Pocket Knife S30V,https://www.ebay.com/itm/Benchmade-940-2-Osborne-Pocket-Knife-S30V-/403558530149,https://i.ebayimg.com/thumbs/images/g/mqIAAOSwkgBiOdVF/s-l140.jpg,"Millville,PA,USA",178**,,false,false,173.99,,,,FixedPrice
393993932919,BENCHMADE - 551 MEL PARDUE - KNIFE DEFENSE ACCESSORIES,https://www.ebay.com/itm/BENCHMADE-551-MEL-PARDUE-KNIFE-DEFENSE-ACCESSORIES-/393993932919,https://i.ebayimg.com/thumbs/images/g/Zo4AAOSwl2NiNfkn/s-l140.jpg,"Huntington,WV,USA",257**,,true,false,124.99,,,,FixedPrice
363768349961,Discontinued Benchmade 300 SN Ball Axis Folding Knife-154CM Blade-Made USAüá∫üá∏,https://www.ebay.com/itm/Discontinued-Benchmade-300-SN-Ball-Axis-Folding-Knife-154CM-Blade-Made-USA-/363768349961,https://i.ebayimg.com/thumbs/images/g/aLIAAOSwxM9iNMiU/s-l140.jpg,"Riviera,TX,USA",783**,,true,false,245.0,,,,FixedPrice
334359260730,Benchmade 553 Mel Pardue 154CM Griptilian Folding Pocket Knife Rare Discontinued,https://www.ebay.com/itm/Benchmade-553-Mel-Pardue-154CM-Griptilian-Folding-Pocket-Knife-Rare-Discontinued-/334359260730,https://i.ebayimg.com/thumbs/images/g/9LkAAOSwRhtiKiMR/s-l140.jpg,"Atlanta,GA,USA",303**,,true,false,107.99,,,,FixedPrice
125179115448,Benchmade 970 / Emerson Spec War CQC 7 Folding Pocket Knife,https://www.ebay.com/itm/Benchmade-970-Emerson-Spec-War-CQC-7-Folding-Pocket-Knife-/125179115448,https://i.ebayimg.com/thumbs/images/g/KW0AAOSwLLtiICDh/s-l140.jpg,"Rochester,NY,USA",146**,,true,false,495.0,,,,FixedPrice
294840725014,PARKER BENCHMADE TOPLOCK KNIVES WOOD HANDLE RARE,https://www.ebay.com/itm/PARKER-BENCHMADE-TOPLOCK-KNIVES-WOOD-HANDLE-RARE-/294840725014,https://i.ebayimg.com/thumbs/images/g/ySAAAOSwx41iDAfZ/s-l140.jpg,"Poughkeepsie,NY,USA",126**,,false,false,99.95,,,,FixedPrice
334347062128,Benchmade Griptillian 550 Folding Pocket Knife Pardue Design Combo Sheepsfoot,https://www.ebay.com/itm/Benchmade-Griptillian-550-Folding-Pocket-Knife-Pardue-Design-Combo-Sheepsfoot-/334347062128,https://i.ebayimg.com/thumbs/images/g/ZSQAAOSwLP1iHUO~/s-l140.jpg,"Atlanta,GA,USA",303**,,true,false,134.99,,,,FixedPrice
384755458647,"Benchmade 940-2 Blue Class Osborne Knife CPM-S30V, Manual Open",https://www.ebay.com/itm/Benchmade-940-2-Blue-Class-Osborne-Knife-CPM-S30V-Manual-Open-/384755458647,https://i.ebayimg.com/thumbs/images/g/L3YAAOSwR5diGnP1/s-l140.jpg,"Forks,WA,USA",983**,,false,false,189.0,,,,FixedPrice
154864423110,"Benchmade - Bugout 535 EDC Manual Open Folding Knife, Drop-Point Blade, Plain",https://www.ebay.com/itm/Benchmade-Bugout-535-EDC-Manual-Open-Folding-Knife-Drop-Point-Blade-Plain-/154864423110,https://i.ebayimg.com/thumbs/images/g/s0gAAOSwrdViFUej/s-l140.jpg,"Indianapolis,IN,USA",462**,,true,false,174.99,,,,FixedPrice
165345818955,Benchmade Mel Pardue Folding Knife,https://www.ebay.com/itm/Benchmade-Mel-Pardue-Folding-Knife-/165345818955,https://i.ebayimg.com/thumbs/images/g/dxUAAOSwtuZhfeDI/s-l140.jpg,"Louisville,NE,USA",680**,,false,false,250.0,,,,FixedPrice
234425847480,"Benchmade 417 Fact Folding Knife 3.95"" S30V Blade, Black Aluminum Handles - USED",https://www.ebay.com/itm/Benchmade-417-Fact-Folding-Knife-3-95-S30V-Blade-Black-Aluminum-Handles-USED-/234425847480,https://i.ebayimg.com/thumbs/images/g/v5YAAOSw5XBiDnbC/s-l140.jpg,"Pikesville,MD,USA",212**,,false,false,171.99,,,,FixedPrice
185298921717,Benchmade USA 565 Mini Freek Folding Pocket Knife S30V- Discontinued,https://www.ebay.com/itm/Benchmade-USA-565-Mini-Freek-Folding-Pocket-Knife-S30V-Discontinued-/185298921717,https://i.ebayimg.com/thumbs/images/g/240AAOSw28ZiDXWu/s-l140.jpg,"Houston,TX,USA",770**,,false,false,140.0,,,,FixedPrice
363730945304,RARE/DISCONTINUED Benchmade Mini Ambush 10210 ‚ÄòRolling Lock‚Äô Folding Knife,https://www.ebay.com/itm/RARE-DISCONTINUED-Benchmade-Mini-Ambush-10210-Rolling-Lock-Folding-Knife-/363730945304,https://i.ebayimg.com/thumbs/images/g/rCEAAOSwfnBhGgPX/s-l140.jpg,"Riviera,TX,USA",783**,,true,false,140.0,,,,FixedPrice
363727189252,RARE/DISCONTINUED Benchmade Crawford Leopard ATS-34 Folding Knife made in USA,https://www.ebay.com/itm/RARE-DISCONTINUED-Benchmade-Crawford-Leopard-ATS-34-Folding-Knife-made-USA-/363727189252,https://i.ebayimg.com/thumbs/images/g/glEAAOSwVM5iCX9u/s-l140.jpg,"Riviera,TX,USA",783**,,true,false,210.0,,,,FixedPrice
154837507848,Benchmade 300SN Ball AXIS Flipper Folding Knife Rare Discontinued,https://www.ebay.com/itm/Benchmade-300SN-Ball-AXIS-Flipper-Folding-Knife-Rare-Discontinued-/154837507848,https://i.ebayimg.com/thumbs/images/g/7owAAOSwaShiA7v0/s-l140.jpg,Bulgaria,,,false,false,249.0,,,,FixedPrice
194786332315,DISCONTINUED RARE Benchmade Nim Cub II Knife 147BK Drop Point Fixed Blade,https://www.ebay.com/itm/DISCONTINUED-RARE-Benchmade-Nim-Cub-II-Knife-147BK-Drop-Point-Fixed-Blade-/194786332315,https://i.ebayimg.com/thumbs/images/g/tq4AAOSwFqRh-Enf/s-l140.jpg,"Santa Fe,NM,USA",875**,,true,false,750.0,,,,FixedPrice
194786273930,DISCONTINUED RARE Benchmade Nim Cub II Knife 147BK Drop Point Fixed Blade,https://www.ebay.com/itm/DISCONTINUED-RARE-Benchmade-Nim-Cub-II-Knife-147BK-Drop-Point-Fixed-Blade-/194786273930,https://i.ebayimg.com/thumbs/images/g/rdEAAOSwOyZh-D4Y/s-l140.jpg,"Santa Fe,NM,USA",875**,,true,false,850.0,,,,FixedPrice
165309893829,Benchmade Bradley Cutlery Alias II 17650BT-701 Blue Titanium S30V Folding Knife,https://www.ebay.com/itm/Benchmade-Bradley-Cutlery-Alias-II-17650BT-701-Blue-Titanium-S30V-Folding-Knife-/165309893829,https://i.ebayimg.com/thumbs/images/g/VUIAAOSwAeFh0SR3/s-l140.jpg,"Lewiston,NY,USA",140**,,true,false,295.0,,,,FixedPrice
255360567331,Benchmade 960 red osborne axis lock knife,https://www.ebay.com/itm/Benchmade-960-red-osborne-axis-lock-knife-/255360567331,https://i.ebayimg.com/thumbs/images/g/IWoAAOSw2ZBh7Gn3/s-l140.jpg,Canada,H2E2T3,,false,false,460.0,,,,FixedPrice
165289157898,Benchmade 940TI Osborne Axis S30V Titanium Limited Edition Folding Knife NOS,https://www.ebay.com/itm/Benchmade-940TI-Osborne-Axis-S30V-Titanium-Limited-Edition-Folding-Knife-NOS-/165289157898,https://i.ebayimg.com/thumbs/images/g/JYMAAOSweK9h5j9C/s-l140.jpg,"Lewiston,NY,USA",140**,,true,false,1595.0,,,,FixedPrice
313834041696,Benchmade Torrent 890,https://www.ebay.com/itm/Benchmade-Torrent-890-/313834041696,https://i.ebayimg.com/thumbs/images/g/oZQAAOSwZe5h4d~M/s-l140.jpg,"Grand Junction,CO,USA",815**,,true,false,225.0,,,,FixedPrice
154792677823,Benchmade 480-1 Shoki Nak-Lok Nakamura M390 Carbon Fiber Small Folding Knife NOS,https://www.ebay.com/itm/Benchmade-480-1-Shoki-Nak-Lok-Nakamura-M390-Carbon-Fiber-Small-Folding-Knife-NOS-/154792677823,https://i.ebayimg.com/thumbs/images/g/KPMAAOSwbkdh35g7/s-l140.jpg,"Lewiston,NY,USA",140**,,true,false,395.0,,,,FixedPrice
115168434777,Benchmade 556BKS30V Tactical Knife,https://www.ebay.com/itm/Benchmade-556BKS30V-Tactical-Knife-/115168434777,https://i.ebayimg.com/thumbs/images/g/a9IAAOSwdxdhUO99/s-l140.jpg,"Indian Trail,NC,USA",280**,,true,false,120.0,,,,FixedPrice
154777002995,Benchmade Bradley Cutlery Alias II 17650BT-600 Titanium S30V Folding Knife,https://www.ebay.com/itm/Benchmade-Bradley-Cutlery-Alias-II-17650BT-600-Titanium-S30V-Folding-Knife-/154777002995,https://i.ebayimg.com/thumbs/images/g/9GMAAOSwmoxh0SOu/s-l140.jpg,"Lewiston,NY,USA",140**,,true,false,275.0,,,,FixedPrice
154776832640,Benchmade 480 Shoki Nak-Lok S30V Wine Wood Nakamura Gentlemen's Folding Knife,https://www.ebay.com/itm/Benchmade-480-Shoki-Nak-Lok-S30V-Wine-Wood-Nakamura-Gentlemens-Folding-Knife-/154776832640,https://i.ebayimg.com/thumbs/images/g/josAAOSwmcBhvrIt/s-l140.jpg,"Lewiston,NY,USA",140**,,true,false,245.0,,,,FixedPrice
363671349952,RARE/DISCONTINUED Benchmade 707 Sequel McHenry & Williams Folding Knife-Madeüá∫üá∏,https://www.ebay.com/itm/RARE-DISCONTINUED-Benchmade-707-Sequel-McHenry-Williams-Folding-Knife-Made-/363671349952,https://i.ebayimg.com/thumbs/images/g/8xQAAOSwlYRhy3NU/s-l140.jpg,"Riviera,TX,USA",783**,,true,false,300.0,,,,FixedPrice
185228319907,Benchmade knife emerson CQC7 model 970 SBT,https://www.ebay.com/itm/Benchmade-knife-emerson-CQC7-model-970-SBT-/185228319907,https://i.ebayimg.com/thumbs/images/g/i~wAAOSwwORhxiQi/s-l140.jpg,"West Chester,PA,USA",193**,,true,false,395.0,,,,FixedPrice
265467943925,Benchmade Knife Co. User Care Manual,https://www.ebay.com/itm/Benchmade-Knife-Co-User-Care-Manual-/265467943925,https://i.ebayimg.com/thumbs/images/g/SNUAAOSw2ZBhxeRC/s-l140.jpg,"Mount Washington,KY,USA",400**,,false,false,5.99,,,,FixedPrice
255292350930,FREE SHIP ! BALI - SONG BENCHMADE ATS - 34 LOCKBACK U.S.A. FOLDING POCKET KNIFE,https://www.ebay.com/itm/FREE-SHIP-BALI-SONG-BENCHMADE-ATS-34-LOCKBACK-U-S-A-FOLDING-POCKET-KNIFE-/255292350930,https://i.ebayimg.com/thumbs/images/g/1rQAAOSw931hw89u/s-l140.jpg,"Lakeland,FL,USA",338**,,false,false,189.0,,,,FixedPrice
165230881296,Benchmade 551S-1 Griptilian 20CV Blue/Grey G10 Axis Drop Point Folding Knife,https://www.ebay.com/itm/Benchmade-551S-1-Griptilian-20CV-Blue-Grey-G10-Axis-Drop-Point-Folding-Knife-/165230881296,https://i.ebayimg.com/thumbs/images/g/2QIAAOSwGH1hnwu~/s-l140.jpg,"Lewiston,NY,USA",140**,,true,false,135.0,,,,FixedPrice
363648288924,HK34 Drop point Black Knife 154CM Steel material,https://www.ebay.com/itm/HK34-Drop-point-Black-Knife-154CM-Steel-material-/363648288924,https://i.ebayimg.com/thumbs/images/g/n88AAOSwqrdiVBRG/s-l140.jpg,Japan,,,false,false,244.0,,,,FixedPrice
175053167036,Pre-Owned Benchmade 318-2 Proper Gent's EDC folding pocket knife,https://www.ebay.com/itm/Pre-Owned-Benchmade-318-2-Proper-Gents-EDC-folding-pocket-knife-/175053167036,https://i.ebayimg.com/thumbs/images/g/kLkAAOSwWgBhp7b-/s-l140.jpg,"Marianna,FL,USA",324**,,false,false,199.99,,,,FixedPrice
194582794720,GENTLEMEN‚ÄôS HARDWARE POCKET KNIFE MULTI TOOL W/ Detachable Flint,https://www.ebay.com/itm/GENTLEMEN-S-HARDWARE-POCKET-KNIFE-MULTI-TOOL-W-Detachable-Flint-/194582794720,https://i.ebayimg.com/thumbs/images/g/DOsAAOSwefdhgy-P/s-l140.jpg,"Rumford,ME,USA",042**,,false,false,19.99,,,,FixedPrice
334237790452,Ontario Mil-Spec XM-1 Extreme Military Folding Tactical Knife NIB Camo Handle,https://www.ebay.com/itm/Ontario-Mil-Spec-XM-1-Extreme-Military-Folding-Tactical-Knife-NIB-Camo-Handle-/334237790452,https://i.ebayimg.com/thumbs/images/g/mcwAAOSweY5hpm~z/s-l140.jpg,"Lakewood,WA,USA",984**,,false,false,149.95,,,,FixedPrice
334237777405,Original Benchmade Vex Folding Pocket Knife Liner Lock Plain Drop Point G-10,https://www.ebay.com/itm/Original-Benchmade-Vex-Folding-Pocket-Knife-Liner-Lock-Plain-Drop-Point-G-10-/334237777405,https://i.ebayimg.com/thumbs/images/g/XJAAAOSwbWJhpmy1/s-l140.jpg,"Lakewood,WA,USA",984**,,false,false,179.95,,,,FixedPrice
115120147138,Benchmade 556BKS30V Mini Griptilian,https://www.ebay.com/itm/Benchmade-556BKS30V-Mini-Griptilian-/115120147138,https://i.ebayimg.com/thumbs/images/g/a9IAAOSwdxdhUO99/s-l140.jpg,"Indian Trail,NC,USA",280**,,true,false,120.0,,,,FixedPrice
154719973264,Benchmade Knife Company 940 Osborne DLC Thumb Studs Factory OEM Takeoffs,https://www.ebay.com/itm/Benchmade-Knife-Company-940-Osborne-DLC-Thumb-Studs-Factory-OEM-Takeoffs-/154719973264,https://i.ebayimg.com/thumbs/images/g/rswAAOSwBERhoFna/s-l140.jpg,"Lewiston,NY,USA",140**,,false,false,25.0,,,,FixedPrice
165201175216,Benchmade 831S Ascent II Utility GIN-1 Tactical Folding Knife Discontinued,https://www.ebay.com/itm/Benchmade-831S-Ascent-II-Utility-GIN-1-Tactical-Folding-Knife-Discontinued-/165201175216,https://i.ebayimg.com/thumbs/images/g/MzUAAOSw1B9hnxM1/s-l140.jpg,"Lewiston,NY,USA",140**,,true,false,225.0,,,,FixedPrice
154718399591,Vintage Benchmade 690BT-BLU 154CM Blue Wood Carbon Fiber Folding Knife,https://www.ebay.com/itm/Vintage-Benchmade-690BT-BLU-154CM-Blue-Wood-Carbon-Fiber-Folding-Knife-/154718399591,https://i.ebayimg.com/thumbs/images/g/4DsAAOSwZI5hnwrK/s-l140.jpg,"Lewiston,NY,USA",140**,,true,false,325.0,,,,FixedPrice
154713841932,Vintage Benchmade Knife Company 2001 Catalog Brochure w/Price List NOS,https://www.ebay.com/itm/Vintage-Benchmade-Knife-Company-2001-Catalog-Brochure-w-Price-List-NOS-/154713841932,https://i.ebayimg.com/thumbs/images/g/2oEAAOSwiehclXZT/s-l140.jpg,"Lewiston,NY,USA",140**,,true,false,30.0,,,,FixedPrice
154707589000,Benchmade Griptilion 550 Knife,https://www.ebay.com/itm/Benchmade-Griptilion-550-Knife-/154707589000,https://i.ebayimg.com/thumbs/images/g/xF4AAOSwBWRhZED2/s-l140.jpg,"Longview,TX,USA",756**,,false,false,155.0,,,,FixedPrice
154674968082,Benchmade 581 Barrage Osborne M390 Folding Knife Rare Discontinued,https://www.ebay.com/itm/Benchmade-581-Barrage-Osborne-M390-Folding-Knife-Rare-Discontinued-/154674968082,https://i.ebayimg.com/thumbs/images/g/vHYAAOSwUl5he~~U/s-l140.jpg,Bulgaria,,,false,false,379.0,,,,FixedPrice
234244866278,Benchmade HK 14716 USA D2 Folding Pocket Knife Axis Lock Plain Edge G10 Handle,https://www.ebay.com/itm/Benchmade-HK-14716-USA-D2-Folding-Pocket-Knife-Axis-Lock-Plain-Edge-G10-Handle-/234244866278,https://i.ebayimg.com/thumbs/images/g/fh8AAOSwZOBhbwkb/s-l140.jpg,"Atlanta,GA,USA",303**,,true,false,179.99,,,,FixedPrice
194430011617,DISCONTINUED RARE Benchmade Nim Cub II Knife 147SBK Drop Point Fixed Blade,https://www.ebay.com/itm/DISCONTINUED-RARE-Benchmade-Nim-Cub-II-Knife-147SBK-Drop-Point-Fixed-Blade-/194430011617,https://i.ebayimg.com/thumbs/images/g/LnwAAOSw-XxhY2oy/s-l140.jpg,"Santa Fe,NM,USA",875**,,true,false,950.0,,,,FixedPrice
224621026250,Benchmade Small Ascent pocket knife,https://www.ebay.com/itm/Benchmade-Small-Ascent-pocket-knife-/224621026250,https://i.ebayimg.com/thumbs/images/g/huwAAOSw~2ZhTSFi/s-l140.jpg,"Tucson,AZ,USA",857**,,true,false,195.0,,,,FixedPrice
174933411146,Benchmade 537GY1 3.38 inch Folding Pocket Knife Blue Read Description!!! Bugout,https://www.ebay.com/itm/Benchmade-537GY1-3-38-inch-Folding-Pocket-Knife-Blue-Read-Description-Bugout-/174933411146,https://i.ebayimg.com/thumbs/images/g/-mYAAOSwGRphO7Tp/s-l140.jpg,"Clinton,TN,USA",377**,,true,false,120.0,,,,FixedPrice
154600019696,Benchmade 805S TSEK Axis G10 440C Tactical Large Folding Knife Discontinued FP,https://www.ebay.com/itm/Benchmade-805S-TSEK-Axis-G10-440C-Tactical-Large-Folding-Knife-Discontinued-FP-/154600019696,https://i.ebayimg.com/thumbs/images/g/cj0AAOSwTvZhNsFn/s-l140.jpg,"Lewiston,NY,USA",140**,,true,false,335.0,,,,FixedPrice
353658782540,BENCHMADE 522 Mel Paradue 440C Folding knife outdoor Japan,https://www.ebay.com/itm/BENCHMADE-522-Mel-Paradue-440C-Folding-knife-outdoor-Japan-/353658782540,https://i.ebayimg.com/thumbs/images/g/TlQAAOSwdXlhNBMI/s-l140.jpg,Japan,,,true,false,209.64,,,,FixedPrice
174820566353,Benchmade Knife Holster,https://www.ebay.com/itm/Benchmade-Knife-Holster-/174820566353,https://i.ebayimg.com/thumbs/images/g/uuMAAOSwc15ehd9C/s-l140.jpg,"Ringgold,GA,USA",307**,,true,false,42.0,,,,FixedPrice
194215444121,GENTLEMEN‚ÄôS HARDWARE POCKET KNIFE MULTI TOOL,https://www.ebay.com/itm/GENTLEMEN-S-HARDWARE-POCKET-KNIFE-MULTI-TOOL-/194215444121,https://i.ebayimg.com/thumbs/images/g/My4AAOSw9NRg1Tu~/s-l140.jpg,"Centralia,IL,USA",628**,,false,false,17.99,,,,StoreInventory
255022963235,Bench Made 840 SBT Ascent Knife.,https://www.ebay.com/itm/Bench-Made-840-SBT-Ascent-Knife-/255022963235,https://i.ebayimg.com/thumbs/images/g/Kg0AAOSwpqBgzOK-/s-l140.jpg,"Traverse City,MI,USA",496**,,false,false,200.0,,,,FixedPrice
393392751111,Benchmade Steigerwalt EDC Knife 890SBK Torrent Nitrous 154CM G10 DISCONTINUED!!!,https://www.ebay.com/itm/Benchmade-Steigerwalt-EDC-Knife-890SBK-Torrent-Nitrous-154CM-G10-DISCONTINUED-/393392751111,https://i.ebayimg.com/thumbs/images/g/RLQAAOSwWDlgxmaV/s-l140.jpg,"Phoenix,AZ,USA",850**,,false,false,245.0,,,,FixedPrice
164888927511,Benchmade Knife Company 2001 Military & Law Enforcement Catalog w/Price List NOS,https://www.ebay.com/itm/Benchmade-Knife-Company-2001-Military-Law-Enforcement-Catalog-w-Price-List-NOS-/164888927511,https://i.ebayimg.com/thumbs/images/g/HhYAAOSwdZJclXcY/s-l140.jpg,"Lewiston,NY,USA",140**,,true,false,30.0,,,,StoreInventory
133704690749,BenchMade 805 HSSR Drop Point Folding Axis Lock Pocket Knife,https://www.ebay.com/itm/BenchMade-805-HSSR-Drop-Point-Folding-Axis-Lock-Pocket-Knife-/133704690749,https://i.ebayimg.com/thumbs/images/g/41AAAOSwLWRgXKj-/s-l140.jpg,"Claremore,OK,USA",740**,,false,false,199.99,,,,FixedPrice
303923533558,Benchmade 940-1 EDC Manual Open Folding Knife - carbon fiber,https://www.ebay.com/itm/Benchmade-940-1-EDC-Manual-Open-Folding-Knife-carbon-fiber-/303923533558,https://i.ebayimg.com/thumbs/images/g/fh0AAOSwwkhgUWra/s-l140.jpg,"Rockford,IL,USA",611**,,true,false,349.0,,,,FixedPrice
233871337082,Benchmade 910 knife made in USA (lot#16356),https://www.ebay.com/itm/Benchmade-910-knife-made-USA-lot-16356-/233871337082,https://i.ebayimg.com/thumbs/images/g/nG4AAOSwn1tgDeXT/s-l140.jpg,"Wernersville,PA,USA",195**,,false,false,260.0,,,,StoreInventory
114588141449,Benchmade Torrent Folding Knife - FIRST PRODUCTION 370/1000 - DISCONTINUED,https://www.ebay.com/itm/Benchmade-Torrent-Folding-Knife-FIRST-PRODUCTION-370-1000-DISCONTINUED-/114588141449,https://i.ebayimg.com/thumbs/images/g/BG8AAOSwN21f4THn/s-l140.jpg,"La Jolla,CA,USA",920**,,true,false,349.99,,,PayPal,FixedPrice
333825660043,"Benchmade Knife - Dealer Sign / Display / Banner ~70"" x ~18"" Collectible",https://www.ebay.com/itm/Benchmade-Knife-Dealer-Sign-Display-Banner-70-x-18-Collectible-/333825660043,https://i.ebayimg.com/thumbs/images/g/U4gAAOSw6odf2OCO/s-l140.jpg,"Lufkin,TX,USA",759**,,false,false,159.99,,,,FixedPrice
274597665462,BENCHMADE KNIFE SIBERT DESIGN BLACK BLADE 22.5‚Äù,https://www.ebay.com/itm/BENCHMADE-KNIFE-SIBERT-DESIGN-BLACK-BLADE-22-5-/274597665462,https://i.ebayimg.com/thumbs/images/g/5zUAAOSwDvJe9MzL/s-l140.jpg,"Palm Harbor,FL,USA",346**,,true,false,250.0,,,PayPal,FixedPrice
143817115528,Benchmade 535S Blade w/ (Black Carve G10) Rogue Bladeworks Scales - Bugout Knife,https://www.ebay.com/itm/Benchmade-535S-Blade-w-Black-Carve-G10-Rogue-Bladeworks-Scales-Bugout-Knife-/143817115528,https://i.ebayimg.com/thumbs/images/g/kOUAAOSwZjxfWBKD/s-l140.jpg,"Lufkin,TX,USA",759**,,false,false,229.99,,,,FixedPrice
154145174262,Benchmade 732BT Ares Axis Folding Knife Rare Discontinued,https://www.ebay.com/itm/Benchmade-732BT-Ares-Axis-Folding-Knife-Rare-Discontinued-/154145174262,https://i.ebayimg.com/thumbs/images/g/arIAAOSwg9FiEO2M/s-l140.jpg,Bulgaria,,,false,false,399.0,,,,FixedPrice
333737054329,"Benchmade Knife Company - Dealer Sign / Display / Banner ~70"" x ~18"" Collectible",https://www.ebay.com/itm/Benchmade-Knife-Company-Dealer-Sign-Display-Banner-70-x-18-Collectible-/333737054329,https://i.ebayimg.com/thumbs/images/g/vmAAAOSwbCldnoRf/s-l140.jpg,"Lufkin,TX,USA",759**,,false,false,159.99,,,,FixedPrice
362986740416,Discontinued/ Rare- HK 14402 Pika II Lock Back Folding Knife,https://www.ebay.com/itm/Discontinued-Rare-HK-14402-Pika-II-Lock-Back-Folding-Knife-/362986740416,https://i.ebayimg.com/thumbs/images/g/ZLEAAOSw1N1esQjl/s-l140.jpg,"Riviera,TX,USA",783**,,true,false,75.0,,,PayPal,FixedPrice
233315972739,Benchmade ATS 34 Crawford Design knife made in USA  (lot#13734),https://www.ebay.com/itm/Benchmade-ATS-34-Crawford-Design-knife-made-USA-lot-13734-/233315972739,https://i.ebayimg.com/thumbs/images/g/mwkAAOSwdUVdWKZT/s-l140.jpg,"Wernersville,PA,USA",195**,,false,false,175.0,,,PayPal,StoreInventory
