itemId,title,galleryURL,viewItemURL,postalCode,location,country,shippingInfo,sellingStatus,listingInfo,returnsAccepted,condition,price_in_US,shipping_cost,converted_price
324946521772,Victorinox Classic SD Mini Swiss Army Pocket Knife Assorted Colors (UsEd) 58mm,https://i.ebayimg.com/thumbs/images/g/smEAAOSw6jdhvOn2/s-l140.jpg,https://www.ebay.com/itm/Victorinox-Classic-SD-Mini-Swiss-Army-Pocket-Knife-Assorted-Colors-UsEd-58mm-/324946521772?var=0&vti=,228**,"Harrisonburg,VA,USA",US,"{'shippingServiceCost': {'@currencyId': 'USD', '#text': '3.5'}, 'shippingType': 'Flat', 'shipToLocations': 'Worldwide', 'expeditedShipping': 'true', 'oneDayShippingAvailable': 'false', 'handlingTime': '1'}","{'currentPrice': {'@currencyId': 'USD', '#text': '7.25'}, 'convertedCurrentPrice': {'@currencyId': 'USD', '#text': '7.25'}, 'sellingState': 'Active', 'timeLeft': 'P9DT3H18M3S'}","{'bestOfferEnabled': 'false', 'buyItNowAvailable': 'false', 'startTime': '2021-12-17T19:50:13.000Z', 'endTime': '2022-07-17T19:50:13.000Z', 'listingType': 'FixedPrice', 'gift': 'false', 'watchCount': '141'}",true,"{'conditionId': '3000', 'conditionDisplayName': 'Used'}",7.25,3.5,10.75
233805693414,Victorinox Classic SD Swiss Army Knife 3 Tool **Various Colors With No Logos**,https://i.ebayimg.com/thumbs/images/g/3f4AAOSwGkBfx7rY/s-l140.jpg,https://www.ebay.com/itm/Victorinox-Classic-SD-Swiss-Army-Knife-3-Tool-Various-Colors-No-Logos-/233805693414?var=0&vti=,303**,"Atlanta,GA,USA",US,"{'shippingServiceCost': {'@currencyId': 'USD', '#text': '0.0'}, 'shippingType': 'Free', 'shipToLocations': 'Worldwide', 'expeditedShipping': 'false', 'oneDayShippingAvailable': 'false', 'handlingTime': '1'}","{'currentPrice': {'@currencyId': 'USD', '#text': '8.53'}, 'convertedCurrentPrice': {'@currencyId': 'USD', '#text': '8.53'}, 'sellingState': 'Active', 'timeLeft': 'P24DT23H52M23S'}","{'bestOfferEnabled': 'false', 'buyItNowAvailable': 'false', 'startTime': '2020-12-02T16:24:33.000Z', 'endTime': '2022-08-02T16:24:33.000Z', 'listingType': 'FixedPrice', 'gift': 'false', 'watchCount': '138'}",true,"{'conditionId': '3000', 'conditionDisplayName': 'Used'}",8.53,0.0,8.53
134165340692,CRKT Fossil Folding Knife,https://i.ebayimg.com/thumbs/images/g/uKkAAOSwFRxixPCs/s-l140.jpg,https://www.ebay.com/itm/CRKT-Fossil-Folding-Knife-/134165340692,786**,"Kyle,TX,USA",US,"{'shippingServiceCost': {'@currencyId': 'USD', '#text': '2.99'}, 'shippingType': 'Flat', 'shipToLocations': 'Worldwide', 'expeditedShipping': 'false', 'oneDayShippingAvailable': 'false', 'handlingTime': '2'}","{'currentPrice': {'@currencyId': 'USD', '#text': '22.99'}, 'convertedCurrentPrice': {'@currencyId': 'USD', '#text': '22.99'}, 'sellingState': 'Active', 'timeLeft': 'P28DT9H47M40S'}","{'bestOfferEnabled': 'false', 'buyItNowAvailable': 'false', 'startTime': '2022-07-06T02:19:50.000Z', 'endTime': '2022-08-06T02:19:50.000Z', 'listingType': 'FixedPrice', 'gift': 'false', 'watchCount': '7'}",false,"{'conditionId': '3000', 'conditionDisplayName': 'Used'}",22.99,2.99,25.979999999999997
394130794025,Victorinox Classic Swiss Army Knife Red Black Blue Green Pink Blue Yellow Purple,https://i.ebayimg.com/thumbs/images/g/t0MAAOSwcmBitMbS/s-l140.jpg,https://www.ebay.com/itm/Victorinox-Classic-Swiss-Army-Knife-Red-Black-Blue-Green-Pink-Blue-Yellow-Purple-/394130794025?var=0&vti=,441**,"Westlake,OH,USA",US,"{'shippingServiceCost': {'@currencyId': 'USD', '#text': '0.0'}, 'shippingType': 'Free', 'shipToLocations': 'Worldwide', 'expeditedShipping': 'false', 'oneDayShippingAvailable': 'false', 'handlingTime': '1'}","{'currentPrice': {'@currencyId': 'USD', '#text': '9.95'}, 'convertedCurrentPrice': {'@currencyId': 'USD', '#text': '9.95'}, 'sellingState': 'Active', 'timeLeft': 'P15DT3H31M57S'}","{'bestOfferEnabled': 'false', 'buyItNowAvailable': 'false', 'startTime': '2022-06-23T20:04:07.000Z', 'endTime': '2022-07-23T20:04:07.000Z', 'listingType': 'FixedPrice', 'gift': 'false', 'watchCount': '10'}",true,"{'conditionId': '3000', 'conditionDisplayName': 'Used'}",9.95,0.0,9.95
284888740447,CRKT Morakniv Coldsteel Knife Lot,https://i.ebayimg.com/thumbs/images/g/ETYAAOSwXVNix7tl/s-l140.jpg,https://www.ebay.com/itm/CRKT-Morakniv-Coldsteel-Knife-Lot-/284888740447,921**,"San Diego,CA,USA",US,"{'shippingServiceCost': {'@currencyId': 'USD', '#text': '0.0'}, 'shippingType': 'Free', 'shipToLocations': 'Worldwide', 'expeditedShipping': 'false', 'oneDayShippingAvailable': 'false', 'handlingTime': '3'}","{'currentPrice': {'@currencyId': 'USD', '#text': '65.0'}, 'convertedCurrentPrice': {'@currencyId': 'USD', '#text': '65.0'}, 'sellingState': 'Active', 'timeLeft': 'P30DT12H39M15S'}","{'bestOfferEnabled': 'false', 'buyItNowAvailable': 'false', 'startTime': '2022-07-08T05:11:25.000Z', 'endTime': '2022-08-08T05:11:25.000Z', 'listingType': 'FixedPrice', 'gift': 'false', 'watchCount': '3'}",false,"{'conditionId': '3000', 'conditionDisplayName': 'Used'}",65.0,0.0,65.0
384644647348,1st Quality Victorinox classic small Swiss army knife 3 tool pre-owned free ship,https://i.ebayimg.com/thumbs/images/g/QWAAAOSwIchhzO63/s-l140.jpg,https://www.ebay.com/itm/1st-Quality-Victorinox-classic-small-Swiss-army-knife-3-tool-pre-owned-free-ship-/384644647348?var=652646146601&vti=,307**,"Chickamauga,GA,USA",US,"{'shippingServiceCost': {'@currencyId': 'USD', '#text': '0.0'}, 'shippingType': 'Free', 'shipToLocations': 'Worldwide', 'expeditedShipping': 'false', 'oneDayShippingAvailable': 'false', 'handlingTime': '3'}","{'currentPrice': {'@currencyId': 'USD', '#text': '8.0'}, 'convertedCurrentPrice': {'@currencyId': 'USD', '#text': '8.0'}, 'sellingState': 'Active', 'timeLeft': 'P21DT7H12M29S'}","{'bestOfferEnabled': 'false', 'buyItNowAvailable': 'false', 'startTime': '2021-12-29T23:44:39.000Z', 'endTime': '2022-07-29T23:44:39.000Z', 'listingType': 'FixedPrice', 'gift': 'false', 'watchCount': '9'}",false,"{'conditionId': '3000', 'conditionDisplayName': 'Used'}",8.0,0.0,8.0
134165330800,CRKT Lake 111 Folding Knife,https://i.ebayimg.com/thumbs/images/g/LTgAAOSwVeFixOyr/s-l140.jpg,https://www.ebay.com/itm/CRKT-Lake-111-Folding-Knife-/134165330800,786**,"Kyle,TX,USA",US,"{'shippingServiceCost': {'@currencyId': 'USD', '#text': '2.99'}, 'shippingType': 'Flat', 'shipToLocations': 'Worldwide', 'expeditedShipping': 'false', 'oneDayShippingAvailable': 'false', 'handlingTime': '2'}","{'currentPrice': {'@currencyId': 'USD', '#text': '12.99'}, 'convertedCurrentPrice': {'@currencyId': 'USD', '#text': '12.99'}, 'sellingState': 'Active', 'timeLeft': 'P28DT9H28M49S'}","{'bestOfferEnabled': 'false', 'buyItNowAvailable': 'false', 'startTime': '2022-07-06T02:00:59.000Z', 'endTime': '2022-08-06T02:00:59.000Z', 'listingType': 'FixedPrice', 'gift': 'false', 'watchCount': '1'}",false,"{'conditionId': '3000', 'conditionDisplayName': 'Used'}",12.99,2.99,15.98
323923258565,VICTORINOX SWISS ARMY KNIFE  Assembling Parts/Accessories/Parts,https://i.ebayimg.com/thumbs/images/g/0hMAAOSwqEJdhfiy/s-l140.jpg,https://www.ebay.com/itm/VICTORINOX-SWISS-ARMY-KNIFE-Assembling-Parts-Accessories-Parts-/323923258565?var=513192143847&vti=,*****,Ukraine,UA,"{'shippingServiceCost': {'@currencyId': 'USD', '#text': '3.8'}, 'shippingType': 'Flat', 'shipToLocations': 'Worldwide', 'expeditedShipping': 'false', 'oneDayShippingAvailable': 'false', 'handlingTime': '3'}","{'currentPrice': {'@currencyId': 'USD', '#text': '2.8'}, 'convertedCurrentPrice': {'@currencyId': 'USD', '#text': '2.8'}, 'sellingState': 'Active', 'timeLeft': 'P12DT17H50M13S'}","{'bestOfferEnabled': 'false', 'buyItNowAvailable': 'false', 'startTime': '2019-09-21T10:22:23.000Z', 'endTime': '2022-07-21T10:22:23.000Z', 'listingType': 'FixedPrice', 'gift': 'false', 'watchCount': '35'}",true,"{'conditionId': '3000', 'conditionDisplayName': 'Used'}",2.8,3.8,6.6
314065452129,Victorinox RAMBLER Swiss Army SAK Knife RED SCALES 58mm 7 tools,https://i.ebayimg.com/thumbs/images/g/70gAAOSwIHZiRIFP/s-l140.jpg,https://www.ebay.com/itm/Victorinox-RAMBLER-Swiss-Army-SAK-Knife-RED-SCALES-58mm-7-tools-/314065452129,151**,"Sewickley,PA,USA",US,"{'shippingServiceCost': {'@currencyId': 'USD', '#text': '0.0'}, 'shippingType': 'Free', 'shipToLocations': 'Worldwide', 'expeditedShipping': 'false', 'oneDayShippingAvailable': 'false', 'handlingTime': '3'}","{'currentPrice': {'@currencyId': 'USD', '#text': '13.0'}, 'convertedCurrentPrice': {'@currencyId': 'USD', '#text': '13.0'}, 'sellingState': 'Active', 'timeLeft': 'P30DT12H26M7S'}","{'bestOfferEnabled': 'false', 'buyItNowAvailable': 'false', 'startTime': '2022-07-08T04:58:17.000Z', 'endTime': '2022-08-08T04:58:17.000Z', 'listingType': 'FixedPrice', 'gift': 'false', 'watchCount': '6'}",false,"{'conditionId': '3000', 'conditionDisplayName': 'Used'}",13.0,0.0,13.0
155068757704,benchmade adamas folding knife,https://i.ebayimg.com/thumbs/images/g/ay4AAOSwIV1iyBqr/s-l140.jpg,https://www.ebay.com/itm/benchmade-adamas-folding-knife-/155068757704,210**,"Finksburg,MD,USA",US,"{'shippingServiceCost': {'@currencyId': 'USD', '#text': '0.0'}, 'shippingType': 'Free', 'shipToLocations': 'Worldwide', 'expeditedShipping': 'true', 'oneDayShippingAvailable': 'false', 'handlingTime': '3'}","{'currentPrice': {'@currencyId': 'USD', '#text': '150.0'}, 'convertedCurrentPrice': {'@currencyId': 'USD', '#text': '150.0'}, 'sellingState': 'Active', 'timeLeft': 'P30DT19H33M5S'}","{'bestOfferEnabled': 'false', 'buyItNowAvailable': 'false', 'startTime': '2022-07-08T12:05:15.000Z', 'endTime': '2022-08-08T12:05:15.000Z', 'listingType': 'FixedPrice', 'gift': 'false', 'watchCount': '2'}",false,"{'conditionId': '3000', 'conditionDisplayName': 'Used'}",150.0,0.0,150.0
144636504508,Spyderco Delica 4 VG-10  Seki-City Japan Pocket Knife,https://i.ebayimg.com/thumbs/images/g/Q1sAAOSwNkdixYbI/s-l140.jpg,https://www.ebay.com/itm/Spyderco-Delica-4-VG-10-Seki-City-Japan-Pocket-Knife-/144636504508,462**,"Indianapolis,IN,USA",US,"{'shippingServiceCost': {'@currencyId': 'USD', '#text': '0.0'}, 'shippingType': 'Free', 'shipToLocations': 'Worldwide', 'expeditedShipping': 'false', 'oneDayShippingAvailable': 'false', 'handlingTime': '3'}","{'currentPrice': {'@currencyId': 'USD', '#text': '58.0'}, 'convertedCurrentPrice': {'@currencyId': 'USD', '#text': '58.0'}, 'sellingState': 'Active', 'timeLeft': 'P28DT20H26M4S'}","{'bestOfferEnabled': 'true', 'buyItNowAvailable': 'false', 'startTime': '2022-07-06T12:58:14.000Z', 'endTime': '2022-08-06T12:58:14.000Z', 'listingType': 'FixedPrice', 'gift': 'false', 'watchCount': '4'}",true,"{'conditionId': '3000', 'conditionDisplayName': 'Used'}",58.0,0.0,58.0
255609660171,KERSHAW POCKET KNIFE 1329  ASSISTED OPENING,https://i.ebayimg.com/thumbs/images/g/ztkAAOSwtaJiv1CW/s-l140.jpg,https://www.ebay.com/itm/KERSHAW-POCKET-KNIFE-1329-ASSISTED-OPENING-/255609660171,242**,"Abingdon,VA,USA",US,"{'shippingServiceCost': {'@currencyId': 'USD', '#text': '4.99'}, 'shippingType': 'Flat', 'shipToLocations': 'Worldwide', 'expeditedShipping': 'false', 'oneDayShippingAvailable': 'false', 'handlingTime': '1'}","{'currentPrice': {'@currencyId': 'USD', '#text': '17.94'}, 'convertedCurrentPrice': {'@currencyId': 'USD', '#text': '17.94'}, 'sellingState': 'Active', 'timeLeft': 'P24DT3H21M13S'}","{'bestOfferEnabled': 'true', 'buyItNowAvailable': 'false', 'startTime': '2022-07-01T19:53:23.000Z', 'endTime': '2022-08-01T19:53:23.000Z', 'listingType': 'FixedPrice', 'gift': 'false', 'watchCount': '2'}",true,"{'conditionId': '3000', 'conditionDisplayName': 'Used'}",17.94,4.99,22.93
394153831140,Kershaw 3800 Black Shuffle Folding Pocket Knife Plain Edge Liner Lock Black FRN,https://i.ebayimg.com/thumbs/images/g/swkAAOSwCdVix3y6/s-l140.jpg,https://www.ebay.com/itm/Kershaw-3800-Black-Shuffle-Folding-Pocket-Knife-Plain-Edge-Liner-Lock-Black-FRN-/394153831140,760**,"Arlington,TX,USA",US,"{'shippingServiceCost': {'@currencyId': 'USD', '#text': '0.0'}, 'shippingType': 'Free', 'shipToLocations': 'Worldwide', 'expeditedShipping': 'false', 'oneDayShippingAvailable': 'false', 'handlingTime': '2'}","{'currentPrice': {'@currencyId': 'USD', '#text': '15.0'}, 'convertedCurrentPrice': {'@currencyId': 'USD', '#text': '15.0'}, 'sellingState': 'Active', 'timeLeft': 'P30DT8H10M51S'}","{'bestOfferEnabled': 'false', 'buyItNowAvailable': 'false', 'startTime': '2022-07-08T00:43:01.000Z', 'endTime': '2022-08-08T00:43:01.000Z', 'listingType': 'FixedPrice', 'gift': 'false', 'watchCount': '1'}",false,"{'conditionId': '3000', 'conditionDisplayName': 'Used'}",15.0,0.0,15.0
144636460059,Benchmade HK 14717 USA D2 Folding Knife Axis,https://i.ebayimg.com/thumbs/images/g/T40AAOSw--FixX4Z/s-l140.jpg,https://www.ebay.com/itm/Benchmade-HK-14717-USA-D2-Folding-Knife-Axis-/144636460059,472**,"North Vernon,IN,USA",US,"{'shippingServiceCost': {'@currencyId': 'USD', '#text': '0.0'}, 'shippingType': 'Free', 'shipToLocations': 'Worldwide', 'expeditedShipping': 'true', 'oneDayShippingAvailable': 'false', 'handlingTime': '2'}","{'currentPrice': {'@currencyId': 'USD', '#text': '160.0'}, 'convertedCurrentPrice': {'@currencyId': 'USD', '#text': '160.0'}, 'sellingState': 'Active', 'timeLeft': 'P28DT19H48M51S'}","{'bestOfferEnabled': 'true', 'buyItNowAvailable': 'false', 'startTime': '2022-07-06T12:21:01.000Z', 'endTime': '2022-08-06T12:21:01.000Z', 'listingType': 'FixedPrice', 'gift': 'false', 'watchCount': '17'}",true,"{'conditionId': '3000', 'conditionDisplayName': 'Used'}",160.0,0.0,160.0
314065460256,Victorinox (retired) CAVALIER Swiss Army SAK Knife RED Scales 58mm RB,https://i.ebayimg.com/thumbs/images/g/3TQAAOSwZAJix70W/s-l140.jpg,https://www.ebay.com/itm/Victorinox-retired-CAVALIER-Swiss-Army-SAK-Knife-RED-Scales-58mm-RB-/314065460256,151**,"Sewickley,PA,USA",US,"{'shippingServiceCost': {'@currencyId': 'USD', '#text': '0.0'}, 'shippingType': 'Free', 'shipToLocations': 'Worldwide', 'expeditedShipping': 'false', 'oneDayShippingAvailable': 'false', 'handlingTime': '3'}","{'currentPrice': {'@currencyId': 'USD', '#text': '13.5'}, 'convertedCurrentPrice': {'@currencyId': 'USD', '#text': '13.5'}, 'sellingState': 'Active', 'timeLeft': 'P30DT12H44M30S'}","{'bestOfferEnabled': 'false', 'buyItNowAvailable': 'false', 'startTime': '2022-07-08T05:16:40.000Z', 'endTime': '2022-08-08T05:16:40.000Z', 'listingType': 'FixedPrice', 'gift': 'false', 'watchCount': '1'}",false,"{'conditionId': '3000', 'conditionDisplayName': 'Used'}",13.5,0.0,13.5
403756725333,CRKT 5510 KISS Ed Halligan POCKET KNIFE FRAMELOCK COMBO EDGE TANTO BLADE,https://i.ebayimg.com/thumbs/images/g/W5sAAOSwcKdixJXZ/s-l140.jpg,https://www.ebay.com/itm/CRKT-5510-KISS-Ed-Halligan-POCKET-KNIFE-FRAMELOCK-COMBO-EDGE-TANTO-BLADE-/403756725333,490**,"Battle Creek,MI,USA",US,"{'shippingServiceCost': {'@currencyId': 'USD', '#text': '3.99'}, 'shippingType': 'Flat', 'shipToLocations': 'Worldwide', 'expeditedShipping': 'false', 'oneDayShippingAvailable': 'false', 'handlingTime': '3'}","{'currentPrice': {'@currencyId': 'USD', '#text': '15.95'}, 'convertedCurrentPrice': {'@currencyId': 'USD', '#text': '15.95'}, 'sellingState': 'Active', 'timeLeft': 'P28DT3H21M49S'}","{'bestOfferEnabled': 'false', 'buyItNowAvailable': 'false', 'startTime': '2022-07-05T19:53:59.000Z', 'endTime': '2022-08-05T19:53:59.000Z', 'listingType': 'FixedPrice', 'gift': 'false', 'watchCount': '5'}",false,"{'conditionId': '3000', 'conditionDisplayName': 'Used'}",15.95,3.99,19.939999999999998
225062041690,Benchmade USA 484 Nakamura M390 Pocket knife,https://i.ebayimg.com/thumbs/images/g/8y0AAOSwXBdixNSd/s-l140.jpg,https://www.ebay.com/itm/Benchmade-USA-484-Nakamura-M390-Pocket-knife-/225062041690,242**,"Abingdon,VA,USA",US,"{'shippingServiceCost': {'@currencyId': 'USD', '#text': '9.99'}, 'shippingType': 'Flat', 'shipToLocations': 'Worldwide', 'expeditedShipping': 'false', 'oneDayShippingAvailable': 'false', 'handlingTime': '1'}","{'currentPrice': {'@currencyId': 'USD', '#text': '209.0'}, 'convertedCurrentPrice': {'@currencyId': 'USD', '#text': '209.0'}, 'sellingState': 'Active', 'timeLeft': 'P28DT7H47M26S'}","{'bestOfferEnabled': 'true', 'buyItNowAvailable': 'false', 'startTime': '2022-07-06T00:19:36.000Z', 'endTime': '2022-08-06T00:19:36.000Z', 'listingType': 'FixedPrice', 'gift': 'false', 'watchCount': '18'}",true,"{'conditionId': '3000', 'conditionDisplayName': 'Used'}",209.0,9.99,218.99
144625255357,Kershaw Link 1776TGRYBW Assisted Pocket Knife,https://i.ebayimg.com/thumbs/images/g/mn0AAOSwVGhiu8Mq/s-l140.jpg,https://www.ebay.com/itm/Kershaw-Link-1776TGRYBW-Assisted-Pocket-Knife-/144625255357,472**,"North Vernon,IN,USA",US,"{'shippingServiceCost': {'@currencyId': 'USD', '#text': '0.0'}, 'shippingType': 'Free', 'shipToLocations': 'Worldwide', 'expeditedShipping': 'false', 'oneDayShippingAvailable': 'false', 'handlingTime': '3'}","{'currentPrice': {'@currencyId': 'USD', '#text': '38.0'}, 'convertedCurrentPrice': {'@currencyId': 'USD', '#text': '38.0'}, 'sellingState': 'Active', 'timeLeft': 'P20DT10H41M0S'}","{'bestOfferEnabled': 'true', 'buyItNowAvailable': 'false', 'startTime': '2022-06-29T03:13:10.000Z', 'endTime': '2022-07-29T03:13:10.000Z', 'listingType': 'FixedPrice', 'gift': 'false', 'watchCount': '6'}",true,"{'conditionId': '3000', 'conditionDisplayName': 'Used'}",38.0,0.0,38.0
225058193041,Kershaw Assisted Opening Cryo 1555TI Folding Pocket Knife (Dupont Lumivia),https://i.ebayimg.com/thumbs/images/g/1fcAAOSwyatiwdxN/s-l140.jpg,https://www.ebay.com/itm/Kershaw-Assisted-Opening-Cryo-1555TI-Folding-Pocket-Knife-Dupont-Lumivia-/225058193041,549**,"Neenah,WI,USA",US,"{'shippingServiceCost': {'@currencyId': 'USD', '#text': '0.0'}, 'shippingType': 'FreePickup', 'shipToLocations': 'Worldwide', 'expeditedShipping': 'false', 'oneDayShippingAvailable': 'false', 'handlingTime': '3'}","{'currentPrice': {'@currencyId': 'USD', '#text': '18.99'}, 'convertedCurrentPrice': {'@currencyId': 'USD', '#text': '18.99'}, 'sellingState': 'Active', 'timeLeft': 'P26DT1H42M49S'}","{'bestOfferEnabled': 'true', 'buyItNowAvailable': 'false', 'startTime': '2022-07-04T06:15:06.000Z', 'endTime': '2022-08-03T18:14:59.000Z', 'listingType': 'FixedPrice', 'gift': 'false', 'watchCount': '2'}",true,"{'conditionId': '3000', 'conditionDisplayName': 'Used'}",18.99,0.0,18.99
144626844834,Kershaw Swerve 3850 Assisted Pocket Knife,https://i.ebayimg.com/thumbs/images/g/VWYAAOSw6K9ivK3f/s-l140.jpg,https://www.ebay.com/itm/Kershaw-Swerve-3850-Assisted-Pocket-Knife-/144626844834,472**,"North Vernon,IN,USA",US,"{'shippingServiceCost': {'@currencyId': 'USD', '#text': '0.0'}, 'shippingType': 'Free', 'shipToLocations': 'Worldwide', 'expeditedShipping': 'false', 'oneDayShippingAvailable': 'false', 'handlingTime': '3'}","{'currentPrice': {'@currencyId': 'USD', '#text': '17.0'}, 'convertedCurrentPrice': {'@currencyId': 'USD', '#text': '17.0'}, 'sellingState': 'Active', 'timeLeft': 'P21DT3H22M34S'}","{'bestOfferEnabled': 'true', 'buyItNowAvailable': 'false', 'startTime': '2022-06-29T19:54:44.000Z', 'endTime': '2022-07-29T19:54:44.000Z', 'listingType': 'FixedPrice', 'gift': 'false', 'watchCount': '4'}",true,"{'conditionId': '3000', 'conditionDisplayName': 'Used'}",17.0,0.0,17.0
314065439460,Victorinox CLASSIC & SD Swiss Army Knife PINK CAMO - PINK SCALES 58mm (lot of 2),https://i.ebayimg.com/thumbs/images/g/mr4AAOSwMvFix7FL/s-l140.jpg,https://www.ebay.com/itm/Victorinox-CLASSIC-SD-Swiss-Army-Knife-PINK-CAMO-PINK-SCALES-58mm-lot-2-/314065439460,151**,"Sewickley,PA,USA",US,"{'shippingServiceCost': {'@currencyId': 'USD', '#text': '0.0'}, 'shippingType': 'Free', 'shipToLocations': 'Worldwide', 'expeditedShipping': 'false', 'oneDayShippingAvailable': 'false', 'handlingTime': '3'}","{'currentPrice': {'@currencyId': 'USD', '#text': '15.0'}, 'convertedCurrentPrice': {'@currencyId': 'USD', '#text': '15.0'}, 'sellingState': 'Active', 'timeLeft': 'P30DT11H55M2S'}","{'bestOfferEnabled': 'false', 'buyItNowAvailable': 'false', 'startTime': '2022-07-08T04:27:12.000Z', 'endTime': '2022-08-08T04:27:12.000Z', 'listingType': 'FixedPrice', 'gift': 'false', 'watchCount': '2'}",false,"{'conditionId': '3000', 'conditionDisplayName': 'Used'}",15.0,0.0,15.0
374155064681,CRKT M16-10KS  Tanto Combo Edge Frame Lock Black  Knife,https://i.ebayimg.com/thumbs/images/g/rXsAAOSwSEViuy~V/s-l140.jpg,https://www.ebay.com/itm/CRKT-M16-10KS-Tanto-Combo-Edge-Frame-Lock-Black-Knife-/374155064681,782**,"San Antonio,TX,USA",US,"{'shippingServiceCost': {'@currencyId': 'USD', '#text': '0.0'}, 'shippingType': 'Free', 'shipToLocations': 'Worldwide', 'expeditedShipping': 'false', 'oneDayShippingAvailable': 'false', 'handlingTime': '1'}","{'currentPrice': {'@currencyId': 'USD', '#text': '20.0'}, 'convertedCurrentPrice': {'@currencyId': 'USD', '#text': '20.0'}, 'sellingState': 'Active', 'timeLeft': 'P20DT0H15M45S'}","{'bestOfferEnabled': 'false', 'buyItNowAvailable': 'false', 'startTime': '2022-06-28T16:47:55.000Z', 'endTime': '2022-07-28T16:47:55.000Z', 'listingType': 'FixedPrice', 'gift': 'false', 'watchCount': '6'}",true,"{'conditionId': '3000', 'conditionDisplayName': 'Used'}",20.0,0.0,20.0
144626674814,Kershaw 3655 Volt Assisted Pocket Knife,https://i.ebayimg.com/thumbs/images/g/R8YAAOSwxDRivIrE/s-l140.jpg,https://www.ebay.com/itm/Kershaw-3655-Volt-Assisted-Pocket-Knife-/144626674814,472**,"North Vernon,IN,USA",US,"{'shippingServiceCost': {'@currencyId': 'USD', '#text': '0.0'}, 'shippingType': 'Free', 'shipToLocations': 'Worldwide', 'expeditedShipping': 'false', 'oneDayShippingAvailable': 'false', 'handlingTime': '3'}","{'currentPrice': {'@currencyId': 'USD', '#text': '21.0'}, 'convertedCurrentPrice': {'@currencyId': 'USD', '#text': '21.0'}, 'sellingState': 'Active', 'timeLeft': 'P21DT0H52M30S'}","{'bestOfferEnabled': 'true', 'buyItNowAvailable': 'false', 'startTime': '2022-06-29T17:24:40.000Z', 'endTime': '2022-07-29T17:24:40.000Z', 'listingType': 'FixedPrice', 'gift': 'false', 'watchCount': '2'}",true,"{'conditionId': '3000', 'conditionDisplayName': 'Used'}",21.0,0.0,21.0
134165167412,Black VICTORINOX Escort Swiss Army Knife,https://i.ebayimg.com/thumbs/images/g/wswAAOSwwr5in78v/s-l140.jpg,https://www.ebay.com/itm/Black-VICTORINOX-Escort-Swiss-Army-Knife-/134165167412,300**,"Marietta,GA,USA",US,"{'shippingServiceCost': {'@currencyId': 'USD', '#text': '0.0'}, 'shippingType': 'Free', 'shipToLocations': 'Worldwide', 'expeditedShipping': 'false', 'oneDayShippingAvailable': 'false', 'handlingTime': '1'}","{'currentPrice': {'@currencyId': 'USD', '#text': '9.99'}, 'convertedCurrentPrice': {'@currencyId': 'USD', '#text': '9.99'}, 'sellingState': 'Active', 'timeLeft': 'P28DT5H12M15S'}","{'bestOfferEnabled': 'false', 'buyItNowAvailable': 'false', 'startTime': '2022-07-05T21:44:25.000Z', 'endTime': '2022-08-05T21:44:25.000Z', 'listingType': 'FixedPrice', 'gift': 'false', 'watchCount': '1'}",true,"{'conditionId': '3000', 'conditionDisplayName': 'Used'}",9.99,0.0,9.99
295076702851,Spyderco Tenacious 8cr13mov Folding Pocket Knife China .,https://i.ebayimg.com/thumbs/images/g/SiQAAOSwi39iex5c/s-l140.jpg,https://www.ebay.com/itm/Spyderco-Tenacious-8cr13mov-Folding-Pocket-Knife-China-/295076702851,815**,"Grand Junction,CO,USA",US,"{'shippingServiceCost': {'@currencyId': 'USD', '#text': '0.0'}, 'shippingType': 'Free', 'shipToLocations': 'Worldwide', 'expeditedShipping': 'false', 'oneDayShippingAvailable': 'false', 'handlingTime': '1'}","{'currentPrice': {'@currencyId': 'USD', '#text': '39.99'}, 'convertedCurrentPrice': {'@currencyId': 'USD', '#text': '39.99'}, 'sellingState': 'Active', 'timeLeft': 'P26DT14H4M49S'}","{'bestOfferEnabled': 'false', 'buyItNowAvailable': 'false', 'startTime': '2022-07-04T06:36:59.000Z', 'endTime': '2022-08-04T06:36:59.000Z', 'listingType': 'FixedPrice', 'gift': 'false', 'watchCount': '6'}",true,"{'conditionId': '3000', 'conditionDisplayName': 'Used'}",39.99,0.0,39.99
284889300853,buck knife usa,https://i.ebayimg.com/thumbs/images/g/sFcAAOSwTE1iyEtR/s-l140.jpg,https://www.ebay.com/itm/buck-knife-usa-/284889300853,151**,"Allison Park,PA,USA",US,"{'shippingServiceCost': {'@currencyId': 'USD', '#text': '9.2'}, 'shippingType': 'Flat', 'shipToLocations': 'Worldwide', 'expeditedShipping': 'true', 'oneDayShippingAvailable': 'false', 'handlingTime': '3'}","{'currentPrice': {'@currencyId': 'USD', '#text': '175.0'}, 'convertedCurrentPrice': {'@currencyId': 'USD', '#text': '175.0'}, 'sellingState': 'Active', 'timeLeft': 'P30DT22H52M35S'}","{'bestOfferEnabled': 'true', 'buyItNowAvailable': 'false', 'startTime': '2022-07-08T15:24:45.000Z', 'endTime': '2022-08-08T15:24:45.000Z', 'listingType': 'FixedPrice', 'gift': 'false'}",false,"{'conditionId': '3000', 'conditionDisplayName': 'Used'}",175.0,9.2,184.2
225049843866,Kershaw 1970 Burst Stonewash Black Handle SpeedSafe Assisted Pocket Knife NICE!,https://i.ebayimg.com/thumbs/images/g/XIcAAOSwtpNiukzD/s-l140.jpg,https://www.ebay.com/itm/Kershaw-1970-Burst-Stonewash-Black-Handle-SpeedSafe-Assisted-Pocket-Knife-NICE-/225049843866,549**,"Neenah,WI,USA",US,"{'shippingServiceCost': {'@currencyId': 'USD', '#text': '0.0'}, 'shippingType': 'FreePickup', 'shipToLocations': 'Worldwide', 'expeditedShipping': 'false', 'oneDayShippingAvailable': 'false', 'handlingTime': '3'}","{'currentPrice': {'@currencyId': 'USD', '#text': '26.99'}, 'convertedCurrentPrice': {'@currencyId': 'USD', '#text': '26.99'}, 'sellingState': 'Active', 'timeLeft': 'P19DT8H20M15S'}","{'bestOfferEnabled': 'true', 'buyItNowAvailable': 'false', 'startTime': '2022-06-28T12:52:28.000Z', 'endTime': '2022-07-28T00:52:25.000Z', 'listingType': 'FixedPrice', 'gift': 'false', 'watchCount': '1'}",true,"{'conditionId': '3000', 'conditionDisplayName': 'Used'}",26.99,0.0,26.99
225049247842,Kershaw 2200 Grid Assisted Open Pocket Knife Black Blade Stainless Steel Handles,https://i.ebayimg.com/thumbs/images/g/QGcAAOSw0zdiueKa/s-l140.jpg,https://www.ebay.com/itm/Kershaw-2200-Grid-Assisted-Open-Pocket-Knife-Black-Blade-Stainless-Steel-Handles-/225049247842,549**,"Neenah,WI,USA",US,"{'shippingServiceCost': {'@currencyId': 'USD', '#text': '0.0'}, 'shippingType': 'FreePickup', 'shipToLocations': 'Worldwide', 'expeditedShipping': 'false', 'oneDayShippingAvailable': 'false', 'handlingTime': '3'}","{'currentPrice': {'@currencyId': 'USD', '#text': '17.99'}, 'convertedCurrentPrice': {'@currencyId': 'USD', '#text': '17.99'}, 'sellingState': 'Active', 'timeLeft': 'P19DT0H34M11S'}","{'bestOfferEnabled': 'true', 'buyItNowAvailable': 'false', 'startTime': '2022-06-28T05:06:33.000Z', 'endTime': '2022-07-27T17:06:21.000Z', 'listingType': 'FixedPrice', 'gift': 'false', 'watchCount': '2'}",true,"{'conditionId': '3000', 'conditionDisplayName': 'Used'}",17.99,0.0,17.99
334494668205,Benchmade Mini Pika 10410 Combination Blade Folding Knife Lockback Black,https://i.ebayimg.com/thumbs/images/g/9dcAAOSwDedixEhQ/s-l140.jpg,https://www.ebay.com/itm/Benchmade-Mini-Pika-10410-Combination-Blade-Folding-Knife-Lockback-Black-/334494668205,303**,"Atlanta,GA,USA",US,"{'shippingServiceCost': {'@currencyId': 'USD', '#text': '0.0'}, 'shippingType': 'Free', 'shipToLocations': 'Worldwide', 'expeditedShipping': 'false', 'oneDayShippingAvailable': 'false', 'handlingTime': '1'}","{'currentPrice': {'@currencyId': 'USD', '#text': '53.98'}, 'convertedCurrentPrice': {'@currencyId': 'USD', '#text': '53.98'}, 'sellingState': 'Active', 'timeLeft': 'P27DT21H48M48S'}","{'bestOfferEnabled': 'true', 'buyItNowAvailable': 'false', 'startTime': '2022-07-05T14:20:58.000Z', 'endTime': '2022-08-05T14:20:58.000Z', 'listingType': 'FixedPrice', 'gift': 'false', 'watchCount': '5'}",true,"{'conditionId': '3000', 'conditionDisplayName': 'Used'}",53.98,0.0,53.98
144626838786,Kershaw Showtime 1955  Pocket Knife,https://i.ebayimg.com/thumbs/images/g/zYAAAOSwMstivKuB/s-l140.jpg,https://www.ebay.com/itm/Kershaw-Showtime-1955-Pocket-Knife-/144626838786,472**,"North Vernon,IN,USA",US,"{'shippingServiceCost': {'@currencyId': 'USD', '#text': '0.0'}, 'shippingType': 'Free', 'shipToLocations': 'Worldwide', 'expeditedShipping': 'false', 'oneDayShippingAvailable': 'false', 'handlingTime': '3'}","{'currentPrice': {'@currencyId': 'USD', '#text': '21.0'}, 'convertedCurrentPrice': {'@currencyId': 'USD', '#text': '21.0'}, 'sellingState': 'Active', 'timeLeft': 'P21DT3H12M7S'}","{'bestOfferEnabled': 'true', 'buyItNowAvailable': 'false', 'startTime': '2022-06-29T19:44:17.000Z', 'endTime': '2022-07-29T19:44:17.000Z', 'listingType': 'FixedPrice', 'gift': 'false', 'watchCount': '2'}",true,"{'conditionId': '3000', 'conditionDisplayName': 'Used'}",21.0,0.0,21.0
265745003534,Benchmade 551 Griptilian Folding Blade Pocket Knife~440c~Black Grips~Tight Blade,https://i.ebayimg.com/thumbs/images/g/1UsAAOSwfGhisBDY/s-l140.jpg,https://www.ebay.com/itm/Benchmade-551-Griptilian-Folding-Blade-Pocket-Knife-440c-Black-Grips-Tight-Blade-/265745003534,350**,"Gardendale,AL,USA",US,"{'shippingServiceCost': {'@currencyId': 'USD', '#text': '0.0'}, 'shippingType': 'Free', 'shipToLocations': 'Worldwide', 'expeditedShipping': 'false', 'oneDayShippingAvailable': 'false', 'handlingTime': '1'}","{'currentPrice': {'@currencyId': 'USD', '#text': '72.95'}, 'convertedCurrentPrice': {'@currencyId': 'USD', '#text': '72.95'}, 'sellingState': 'Active', 'timeLeft': 'P11DT13H47M55S'}","{'bestOfferEnabled': 'false', 'buyItNowAvailable': 'false', 'startTime': '2022-06-20T06:20:05.000Z', 'endTime': '2022-07-20T06:20:05.000Z', 'listingType': 'FixedPrice', 'gift': 'false', 'watchCount': '19'}",true,"{'conditionId': '3000', 'conditionDisplayName': 'Used'}",72.95,0.0,72.95
144626846271,Kershaw 8750TTANBW Shuffle II Pocket Knife,https://i.ebayimg.com/thumbs/images/g/Q3IAAOSwE1JivK65/s-l140.jpg,https://www.ebay.com/itm/Kershaw-8750TTANBW-Shuffle-II-Pocket-Knife-/144626846271,472**,"North Vernon,IN,USA",US,"{'shippingServiceCost': {'@currencyId': 'USD', '#text': '0.0'}, 'shippingType': 'Free', 'shipToLocations': 'Worldwide', 'expeditedShipping': 'false', 'oneDayShippingAvailable': 'false', 'handlingTime': '3'}","{'currentPrice': {'@currencyId': 'USD', '#text': '16.0'}, 'convertedCurrentPrice': {'@currencyId': 'USD', '#text': '16.0'}, 'sellingState': 'Active', 'timeLeft': 'P21DT3H25M55S'}","{'bestOfferEnabled': 'true', 'buyItNowAvailable': 'false', 'startTime': '2022-06-29T19:58:05.000Z', 'endTime': '2022-07-29T19:58:05.000Z', 'listingType': 'FixedPrice', 'gift': 'false', 'watchCount': '3'}",true,"{'conditionId': '3000', 'conditionDisplayName': 'Used'}",16.0,0.0,16.0
204005163795,Kershaw Cinder 1025 Folding Pocket Knife & Bottle Opener - Key Chain Knife,https://i.ebayimg.com/thumbs/images/g/Qz8AAOSwfBJitLid/s-l140.jpg,https://www.ebay.com/itm/Kershaw-Cinder-1025-Folding-Pocket-Knife-Bottle-Opener-Key-Chain-Knife-/204005163795,711**,"Shreveport,LA,USA",US,"{'shippingServiceCost': {'@currencyId': 'USD', '#text': '0.0'}, 'shippingType': 'Free', 'shipToLocations': 'Worldwide', 'expeditedShipping': 'false', 'oneDayShippingAvailable': 'false', 'handlingTime': '1'}","{'currentPrice': {'@currencyId': 'USD', '#text': '9.25'}, 'convertedCurrentPrice': {'@currencyId': 'USD', '#text': '9.25'}, 'sellingState': 'Active', 'timeLeft': 'P15DT2H35M58S'}","{'bestOfferEnabled': 'false', 'buyItNowAvailable': 'false', 'startTime': '2022-06-23T19:08:08.000Z', 'endTime': '2022-07-23T19:08:08.000Z', 'listingType': 'FixedPrice', 'gift': 'false', 'watchCount': '1'}",true,"{'conditionId': '3000', 'conditionDisplayName': 'Used'}",9.25,0.0,9.25
184192798954,"Limited Edition & Collectible Victorinox Swiss Army Knife: Car, Space cleaner...",https://i.ebayimg.com/thumbs/images/g/OCcAAOSwIWZh6ewH/s-l140.jpg,https://www.ebay.com/itm/Limited-Edition-Collectible-Victorinox-Swiss-Army-Knife-Car-Space-cleaner-/184192798954?var=0&vti=,277**,"Durham,NC,USA",US,"{'shippingServiceCost': {'@currencyId': 'USD', '#text': '0.0'}, 'shippingType': 'Free', 'shipToLocations': 'Worldwide', 'expeditedShipping': 'true', 'oneDayShippingAvailable': 'false', 'handlingTime': '1'}","{'currentPrice': {'@currencyId': 'USD', '#text': '16.18'}, 'convertedCurrentPrice': {'@currencyId': 'USD', '#text': '16.18'}, 'sellingState': 'Active', 'timeLeft': 'P23DT22H17M25S'}","{'bestOfferEnabled': 'false', 'buyItNowAvailable': 'false', 'startTime': '2020-03-01T14:49:35.000Z', 'endTime': '2022-08-01T14:49:35.000Z', 'listingType': 'FixedPrice', 'gift': 'false', 'watchCount': '81'}",true,"{'conditionId': '3000', 'conditionDisplayName': 'Used'}",16.18,0.0,16.18
225061287464,Victorinox Mauser Swiss Army Knife,https://i.ebayimg.com/thumbs/images/g/03QAAOSwUaBixEpq/s-l140.jpg,https://www.ebay.com/itm/Victorinox-Mauser-Swiss-Army-Knife-/225061287464,731**,"Oklahoma City,OK,USA",US,"{'shippingServiceCost': {'@currencyId': 'USD', '#text': '10.0'}, 'shippingType': 'Flat', 'shipToLocations': 'Worldwide', 'expeditedShipping': 'false', 'oneDayShippingAvailable': 'false', 'handlingTime': '2'}","{'currentPrice': {'@currencyId': 'USD', '#text': '99.99'}, 'convertedCurrentPrice': {'@currencyId': 'USD', '#text': '99.99'}, 'sellingState': 'Active', 'timeLeft': 'P27DT22H0M27S'}","{'bestOfferEnabled': 'false', 'buyItNowAvailable': 'false', 'startTime': '2022-07-05T14:32:37.000Z', 'endTime': '2022-08-05T14:32:37.000Z', 'listingType': 'FixedPrice', 'gift': 'false', 'watchCount': '10'}",true,"{'conditionId': '3000', 'conditionDisplayName': 'Used'}",99.99,10.0,109.99
304551981392,Spyderco Paramilitary Para 3 Lightweight Folding Knife Black EUC,https://i.ebayimg.com/thumbs/images/g/YgkAAOSw0jliwels/s-l140.jpg,https://www.ebay.com/itm/Spyderco-Paramilitary-Para-3-Lightweight-Folding-Knife-Black-EUC-/304551981392,286**,"West Jefferson,NC,USA",US,"{'shippingServiceCost': {'@currencyId': 'USD', '#text': '8.98'}, 'shippingType': 'Flat', 'shipToLocations': 'Worldwide', 'expeditedShipping': 'true', 'oneDayShippingAvailable': 'false', 'handlingTime': '1'}","{'currentPrice': {'@currencyId': 'USD', '#text': '99.99'}, 'convertedCurrentPrice': {'@currencyId': 'USD', '#text': '99.99'}, 'sellingState': 'Active', 'timeLeft': 'P26DT2H39M40S'}","{'bestOfferEnabled': 'false', 'buyItNowAvailable': 'false', 'startTime': '2022-07-03T19:11:50.000Z', 'endTime': '2022-08-03T19:11:50.000Z', 'listingType': 'FixedPrice', 'gift': 'false', 'watchCount': '11'}",true,"{'conditionId': '3000', 'conditionDisplayName': 'Used'}",99.99,8.98,108.97
255617883385,Victorinox Swiss Army Knife Mountaineer Multi-Tool!,https://i.ebayimg.com/thumbs/images/g/eS8AAOSw4rNixi47/s-l140.jpg,https://www.ebay.com/itm/Victorinox-Swiss-Army-Knife-Mountaineer-Multi-Tool-/255617883385,488**,"Holt,MI,USA",US,"{'shippingServiceCost': {'@currencyId': 'USD', '#text': '0.0'}, 'shippingType': 'Free', 'shipToLocations': 'Worldwide', 'expeditedShipping': 'false', 'oneDayShippingAvailable': 'false', 'handlingTime': '1'}","{'currentPrice': {'@currencyId': 'USD', '#text': '25.65'}, 'convertedCurrentPrice': {'@currencyId': 'USD', '#text': '25.65'}, 'sellingState': 'Active', 'timeLeft': 'P29DT8H20M26S'}","{'bestOfferEnabled': 'false', 'buyItNowAvailable': 'false', 'startTime': '2022-07-07T00:52:36.000Z', 'endTime': '2022-08-07T00:52:36.000Z', 'listingType': 'FixedPrice', 'gift': 'false', 'watchCount': '2'}",false,"{'conditionId': '3000', 'conditionDisplayName': 'Used'}",25.65,0.0,25.65
255609532541,Victorinox Signature Swiss Army Pocket Knife and Pen - BLACK!,https://i.ebayimg.com/thumbs/images/g/wCQAAOSwITtivzzn/s-l140.jpg,https://www.ebay.com/itm/Victorinox-Signature-Swiss-Army-Pocket-Knife-and-Pen-BLACK-/255609532541,488**,"Holt,MI,USA",US,"{'shippingServiceCost': {'@currencyId': 'USD', '#text': '0.0'}, 'shippingType': 'Free', 'shipToLocations': 'Worldwide', 'expeditedShipping': 'false', 'oneDayShippingAvailable': 'false', 'handlingTime': '1'}","{'currentPrice': {'@currencyId': 'USD', '#text': '13.27'}, 'convertedCurrentPrice': {'@currencyId': 'USD', '#text': '13.27'}, 'sellingState': 'Active', 'timeLeft': 'P24DT1H57M20S'}","{'bestOfferEnabled': 'true', 'buyItNowAvailable': 'false', 'startTime': '2022-07-01T18:29:30.000Z', 'endTime': '2022-08-01T18:29:30.000Z', 'listingType': 'FixedPrice', 'gift': 'false', 'watchCount': '3'}",false,"{'conditionId': '3000', 'conditionDisplayName': 'Used'}",13.27,0.0,13.27
363897341967,Victorinox Classic Swiss Army Knife with Logo and Adjustable Screw - Blue,https://i.ebayimg.com/thumbs/images/g/oscAAOSwmpliuuWn/s-l140.jpg,https://www.ebay.com/itm/Victorinox-Classic-Swiss-Army-Knife-Logo-and-Adjustable-Screw-Blue-/363897341967,277**,"Durham,NC,USA",US,"{'shippingServiceCost': {'@currencyId': 'USD', '#text': '3.5'}, 'shippingType': 'Flat', 'shipToLocations': 'Worldwide', 'expeditedShipping': 'false', 'oneDayShippingAvailable': 'false', 'handlingTime': '2'}","{'currentPrice': {'@currencyId': 'USD', '#text': '8.5'}, 'convertedCurrentPrice': {'@currencyId': 'USD', '#text': '8.5'}, 'sellingState': 'Active', 'timeLeft': 'P27DT20H46M22S'}","{'bestOfferEnabled': 'true', 'buyItNowAvailable': 'false', 'startTime': '2022-07-05T13:18:32.000Z', 'endTime': '2022-08-05T13:18:32.000Z', 'listingType': 'FixedPrice', 'gift': 'false', 'watchCount': '2'}",true,"{'conditionId': '3000', 'conditionDisplayName': 'Used'}",8.5,3.5,12.0
225058395885,CRKT CEO Rogers Design Folding Knife 7096,https://i.ebayimg.com/thumbs/images/g/fJQAAOSwQj5iwglL/s-l140.jpg,https://www.ebay.com/itm/CRKT-CEO-Rogers-Design-Folding-Knife-7096-/225058395885,242**,"Abingdon,VA,USA",US,"{'shippingServiceCost': {'@currencyId': 'USD', '#text': '4.99'}, 'shippingType': 'Flat', 'shipToLocations': 'Worldwide', 'expeditedShipping': 'false', 'oneDayShippingAvailable': 'false', 'handlingTime': '1'}","{'currentPrice': {'@currencyId': 'USD', '#text': '29.94'}, 'convertedCurrentPrice': {'@currencyId': 'USD', '#text': '29.94'}, 'sellingState': 'Active', 'timeLeft': 'P26DT4H54M40S'}","{'bestOfferEnabled': 'true', 'buyItNowAvailable': 'false', 'startTime': '2022-07-03T21:26:50.000Z', 'endTime': '2022-08-03T21:26:50.000Z', 'listingType': 'FixedPrice', 'gift': 'false', 'watchCount': '2'}",true,"{'conditionId': '3000', 'conditionDisplayName': 'Used'}",29.94,4.99,34.93
175334882049,1660CKTST Leek Kershaw Pocket Knife Combo Edge 1660 Assisted Open,https://i.ebayimg.com/thumbs/images/g/7OAAAOSwPZBiu8Us/s-l140.jpg,https://www.ebay.com/itm/1660CKTST-Leek-Kershaw-Pocket-Knife-Combo-Edge-1660-Assisted-Open-/175334882049,440**,"Burton,OH,USA",US,"{'shippingServiceCost': {'@currencyId': 'USD', '#text': '0.0'}, 'shippingType': 'Free', 'shipToLocations': 'Worldwide', 'expeditedShipping': 'false', 'oneDayShippingAvailable': 'false', 'handlingTime': '3'}","{'currentPrice': {'@currencyId': 'USD', '#text': '33.99'}, 'convertedCurrentPrice': {'@currencyId': 'USD', '#text': '33.99'}, 'sellingState': 'Active', 'timeLeft': 'P20DT10H53M25S'}","{'bestOfferEnabled': 'false', 'buyItNowAvailable': 'false', 'startTime': '2022-06-29T03:25:35.000Z', 'endTime': '2022-07-29T03:25:35.000Z', 'listingType': 'FixedPrice', 'gift': 'false', 'watchCount': '4'}",false,"{'conditionId': '3000', 'conditionDisplayName': 'Used'}",33.99,0.0,33.99
204030012695,"Victorinox Swiss Army Rambler Pocket Knife, Red, Opener, Scissor, Phillips, 58mm",https://i.ebayimg.com/thumbs/images/g/n0EAAOSwmqVixqeh/s-l140.jpg,https://www.ebay.com/itm/Victorinox-Swiss-Army-Rambler-Pocket-Knife-Red-Opener-Scissor-Phillips-58mm-/204030012695?var=0&vti=,492**,"Jackson,MI,USA",US,"{'shippingServiceCost': {'@currencyId': 'USD', '#text': '0.0'}, 'shippingType': 'Free', 'shipToLocations': 'Worldwide', 'expeditedShipping': 'false', 'oneDayShippingAvailable': 'false', 'handlingTime': '1'}","{'currentPrice': {'@currencyId': 'USD', '#text': '13.95'}, 'convertedCurrentPrice': {'@currencyId': 'USD', '#text': '13.95'}, 'sellingState': 'Active', 'timeLeft': 'P29DT17H1M34S'}","{'bestOfferEnabled': 'false', 'buyItNowAvailable': 'false', 'startTime': '2022-07-07T09:33:44.000Z', 'endTime': '2022-08-07T09:33:44.000Z', 'listingType': 'FixedPrice', 'gift': 'false', 'watchCount': '1'}",true,"{'conditionId': '3000', 'conditionDisplayName': 'Used'}",13.95,0.0,13.95
165557243230,Benchmade 551  D2 Griptilian Folding Knife,https://i.ebayimg.com/thumbs/images/g/3~QAAOSwixdiv0C0/s-l140.jpg,https://www.ebay.com/itm/Benchmade-551-D2-Griptilian-Folding-Knife-/165557243230,191**,"Philadelphia,PA,USA",US,"{'shippingServiceCost': {'@currencyId': 'USD', '#text': '0.0'}, 'shippingType': 'Free', 'shipToLocations': 'Worldwide', 'expeditedShipping': 'false', 'oneDayShippingAvailable': 'false', 'handlingTime': '1'}","{'currentPrice': {'@currencyId': 'USD', '#text': '85.95'}, 'convertedCurrentPrice': {'@currencyId': 'USD', '#text': '85.95'}, 'sellingState': 'Active', 'timeLeft': 'P24DT2H13M40S'}","{'bestOfferEnabled': 'false', 'buyItNowAvailable': 'false', 'startTime': '2022-07-01T18:45:50.000Z', 'endTime': '2022-08-01T18:45:50.000Z', 'listingType': 'FixedPrice', 'gift': 'false', 'watchCount': '7'}",true,"{'conditionId': '3000', 'conditionDisplayName': 'Used'}",85.95,0.0,85.95
265761449862,Victorinox Explorer Red Swiss Army Knife w/ Magnifying Glass! COMPLETE!!!,https://i.ebayimg.com/thumbs/images/g/7p0AAOSw3Z5ivzwR/s-l140.jpg,https://www.ebay.com/itm/Victorinox-Explorer-Red-Swiss-Army-Knife-w-Magnifying-Glass-COMPLETE-/265761449862,488**,"Holt,MI,USA",US,"{'shippingServiceCost': {'@currencyId': 'USD', '#text': '0.0'}, 'shippingType': 'Free', 'shipToLocations': 'Worldwide', 'expeditedShipping': 'false', 'oneDayShippingAvailable': 'false', 'handlingTime': '1'}","{'currentPrice': {'@currencyId': 'USD', '#text': '33.22'}, 'convertedCurrentPrice': {'@currencyId': 'USD', '#text': '33.22'}, 'sellingState': 'Active', 'timeLeft': 'P24DT1H53M34S'}","{'bestOfferEnabled': 'true', 'buyItNowAvailable': 'false', 'startTime': '2022-07-01T18:25:44.000Z', 'endTime': '2022-08-01T18:25:44.000Z', 'listingType': 'FixedPrice', 'gift': 'false', 'watchCount': '6'}",false,"{'conditionId': '3000', 'conditionDisplayName': 'Used'}",33.22,0.0,33.22
255608022795,USED: VICTORINOX DUAL KNIFE SHARPENER,https://i.ebayimg.com/thumbs/images/g/s0gAAOSw9Zpivfob/s-l140.jpg,https://www.ebay.com/itm/USED-VICTORINOX-DUAL-KNIFE-SHARPENER-/255608022795,100**,"New York,NY,USA",US,"{'shippingServiceCost': {'@currencyId': 'USD', '#text': '0.0'}, 'shippingType': 'Free', 'shipToLocations': 'Worldwide', 'expeditedShipping': 'false', 'oneDayShippingAvailable': 'false', 'handlingTime': '3'}","{'currentPrice': {'@currencyId': 'USD', '#text': '12.0'}, 'convertedCurrentPrice': {'@currencyId': 'USD', '#text': '12.0'}, 'sellingState': 'Active', 'timeLeft': 'P22DT3H6M8S'}","{'bestOfferEnabled': 'false', 'buyItNowAvailable': 'false', 'startTime': '2022-07-01T07:38:25.000Z', 'endTime': '2022-07-30T19:38:18.000Z', 'listingType': 'FixedPrice', 'gift': 'false', 'watchCount': '4'}",false,"{'conditionId': '3000', 'conditionDisplayName': 'Used'}",12.0,0.0,12.0
225058390068,CRKT Piet Jesper Voxnaes Design Folding Knife 5390,https://i.ebayimg.com/thumbs/images/g/vO8AAOSwfc9iwgek/s-l140.jpg,https://www.ebay.com/itm/CRKT-Piet-Jesper-Voxnaes-Design-Folding-Knife-5390-/225058390068,242**,"Abingdon,VA,USA",US,"{'shippingServiceCost': {'@currencyId': 'USD', '#text': '4.99'}, 'shippingType': 'Flat', 'shipToLocations': 'Worldwide', 'expeditedShipping': 'false', 'oneDayShippingAvailable': 'false', 'handlingTime': '1'}","{'currentPrice': {'@currencyId': 'USD', '#text': '16.99'}, 'convertedCurrentPrice': {'@currencyId': 'USD', '#text': '16.99'}, 'sellingState': 'Active', 'timeLeft': 'P26DT4H48M53S'}","{'bestOfferEnabled': 'true', 'buyItNowAvailable': 'false', 'startTime': '2022-07-03T21:21:03.000Z', 'endTime': '2022-08-03T21:21:03.000Z', 'listingType': 'FixedPrice', 'gift': 'false', 'watchCount': '2'}",true,"{'conditionId': '3000', 'conditionDisplayName': 'Used'}",16.99,4.99,21.979999999999997
165557025133,crkt piet voxnaes design 5390 Black pocket knife,https://i.ebayimg.com/thumbs/images/g/8UEAAOSwTIlivxj6/s-l140.jpg,https://www.ebay.com/itm/crkt-piet-voxnaes-design-5390-Black-pocket-knife-/165557025133,286**,"North Wilkesboro,NC,USA",US,"{'shippingServiceCost': {'@currencyId': 'USD', '#text': '0.0'}, 'shippingType': 'Free', 'shipToLocations': 'Worldwide', 'expeditedShipping': 'false', 'oneDayShippingAvailable': 'false', 'handlingTime': '2'}","{'currentPrice': {'@currencyId': 'USD', '#text': '20.0'}, 'convertedCurrentPrice': {'@currencyId': 'USD', '#text': '20.0'}, 'sellingState': 'Active', 'timeLeft': 'P23DT23H24M12S'}","{'bestOfferEnabled': 'false', 'buyItNowAvailable': 'false', 'startTime': '2022-07-01T15:56:22.000Z', 'endTime': '2022-08-01T15:56:22.000Z', 'listingType': 'FixedPrice', 'gift': 'false', 'watchCount': '3'}",false,"{'conditionId': '3000', 'conditionDisplayName': 'Used'}",20.0,0.0,20.0
144626844175,Kershaw 2019WM Assisted Folding Knife,https://i.ebayimg.com/thumbs/images/g/NVcAAOSw85RivK2U/s-l140.jpg,https://www.ebay.com/itm/Kershaw-2019WM-Assisted-Folding-Knife-/144626844175,472**,"North Vernon,IN,USA",US,"{'shippingServiceCost': {'@currencyId': 'USD', '#text': '0.0'}, 'shippingType': 'Free', 'shipToLocations': 'Worldwide', 'expeditedShipping': 'false', 'oneDayShippingAvailable': 'false', 'handlingTime': '3'}","{'currentPrice': {'@currencyId': 'USD', '#text': '18.0'}, 'convertedCurrentPrice': {'@currencyId': 'USD', '#text': '18.0'}, 'sellingState': 'Active', 'timeLeft': 'P21DT3H21M11S'}","{'bestOfferEnabled': 'true', 'buyItNowAvailable': 'false', 'startTime': '2022-06-29T19:53:21.000Z', 'endTime': '2022-07-29T19:53:21.000Z', 'listingType': 'FixedPrice', 'gift': 'false', 'watchCount': '1'}",true,"{'conditionId': '3000', 'conditionDisplayName': 'Used'}",18.0,0.0,18.0
115452600998,Spyderco Mamba Folding Knife,https://i.ebayimg.com/thumbs/images/g/ybkAAOSwR2NiwcJW/s-l140.jpg,https://www.ebay.com/itm/Spyderco-Mamba-Folding-Knife-/115452600998,931**,"Santa Barbara,CA,USA",US,"{'shippingServiceCost': {'@currencyId': 'USD', '#text': '0.0'}, 'shippingType': 'Free', 'shipToLocations': 'Worldwide', 'expeditedShipping': 'true', 'oneDayShippingAvailable': 'false', 'handlingTime': '1'}","{'currentPrice': {'@currencyId': 'USD', '#text': '569.0'}, 'convertedCurrentPrice': {'@currencyId': 'USD', '#text': '569.0'}, 'sellingState': 'Active', 'timeLeft': 'P26DT0H2M50S'}","{'bestOfferEnabled': 'false', 'buyItNowAvailable': 'false', 'startTime': '2022-07-03T16:35:00.000Z', 'endTime': '2022-08-03T16:35:00.000Z', 'listingType': 'FixedPrice', 'gift': 'false', 'watchCount': '15'}",false,"{'conditionId': '3000', 'conditionDisplayName': 'Used'}",569.0,0.0,569.0
144636465046,Spyderco Jess Horn StainlessÂ  AUS-8 Seki Japan Folding Knife,https://i.ebayimg.com/thumbs/images/g/7MYAAOSwWgZixYCs/s-l140.jpg,https://www.ebay.com/itm/Spyderco-Jess-Horn-Stainless-AUS-8-Seki-Japan-Folding-Knife-/144636465046,472**,"North Vernon,IN,USA",US,"{'shippingServiceCost': {'@currencyId': 'USD', '#text': '0.0'}, 'shippingType': 'Free', 'shipToLocations': 'Worldwide', 'expeditedShipping': 'true', 'oneDayShippingAvailable': 'false', 'handlingTime': '2'}","{'currentPrice': {'@currencyId': 'USD', '#text': '125.0'}, 'convertedCurrentPrice': {'@currencyId': 'USD', '#text': '125.0'}, 'sellingState': 'Active', 'timeLeft': 'P28DT19H59M57S'}","{'bestOfferEnabled': 'true', 'buyItNowAvailable': 'false', 'startTime': '2022-07-06T12:32:07.000Z', 'endTime': '2022-08-06T12:32:07.000Z', 'listingType': 'FixedPrice', 'gift': 'false', 'watchCount': '6'}",true,"{'conditionId': '3000', 'conditionDisplayName': 'Used'}",125.0,0.0,125.0
234610472528,Benchmade Griptilian 550 Pardue Design Axis Sheepsfoot Pocket Knife,https://i.ebayimg.com/thumbs/images/g/SZYAAOSw7ANiwYqt/s-l140.jpg,https://www.ebay.com/itm/Benchmade-Griptilian-550-Pardue-Design-Axis-Sheepsfoot-Pocket-Knife-/234610472528,782**,"San Antonio,TX,USA",US,"{'shippingServiceCost': {'@currencyId': 'USD', '#text': '0.0'}, 'shippingType': 'Free', 'shipToLocations': 'Worldwide', 'expeditedShipping': 'false', 'oneDayShippingAvailable': 'false', 'handlingTime': '1'}","{'currentPrice': {'@currencyId': 'USD', '#text': '89.0'}, 'convertedCurrentPrice': {'@currencyId': 'USD', '#text': '89.0'}, 'sellingState': 'Active', 'timeLeft': 'P25DT19H59M40S'}","{'bestOfferEnabled': 'false', 'buyItNowAvailable': 'false', 'startTime': '2022-07-03T12:31:50.000Z', 'endTime': '2022-08-03T12:31:50.000Z', 'listingType': 'FixedPrice', 'gift': 'false', 'watchCount': '5'}",false,"{'conditionId': '3000', 'conditionDisplayName': 'Used'}",89.0,0.0,89.0
255606920602,Victorinox Super Tinker Swiss Army Knife Red! COMPLETE!!!,https://i.ebayimg.com/thumbs/images/g/VpoAAOSwaHJivP9H/s-l140.jpg,https://www.ebay.com/itm/Victorinox-Super-Tinker-Swiss-Army-Knife-Red-COMPLETE-/255606920602,488**,"Holt,MI,USA",US,"{'shippingServiceCost': {'@currencyId': 'USD', '#text': '0.0'}, 'shippingType': 'Free', 'shipToLocations': 'Worldwide', 'expeditedShipping': 'false', 'oneDayShippingAvailable': 'false', 'handlingTime': '1'}","{'currentPrice': {'@currencyId': 'USD', '#text': '16.86'}, 'convertedCurrentPrice': {'@currencyId': 'USD', '#text': '16.86'}, 'sellingState': 'Active', 'timeLeft': 'P21DT9H9M53S'}","{'bestOfferEnabled': 'true', 'buyItNowAvailable': 'false', 'startTime': '2022-06-30T01:42:03.000Z', 'endTime': '2022-07-30T01:42:03.000Z', 'listingType': 'FixedPrice', 'gift': 'false', 'watchCount': '3'}",false,"{'conditionId': '3000', 'conditionDisplayName': 'Used'}",16.86,0.0,16.86
134166975679,Vtg Victorinox CLASSIC SD Swiss Army Knife BLACK  58mm (AT&T Ad) Officer Suisse,https://i.ebayimg.com/thumbs/images/g/QGgAAOSwr4hixzix/s-l140.jpg,https://www.ebay.com/itm/Vtg-Victorinox-CLASSIC-SD-Swiss-Army-Knife-BLACK-58mm-AT-T-Ad-Officer-Suisse-/134166975679,120**,"Duanesburg,NY,USA",US,"{'shippingServiceCost': {'@currencyId': 'USD', '#text': '5.0'}, 'shippingType': 'Flat', 'shipToLocations': 'Worldwide', 'expeditedShipping': 'false', 'oneDayShippingAvailable': 'false', 'handlingTime': '3'}","{'currentPrice': {'@currencyId': 'USD', '#text': '14.95'}, 'convertedCurrentPrice': {'@currencyId': 'USD', '#text': '14.95'}, 'sellingState': 'Active', 'timeLeft': 'P30DT3H17M48S'}","{'bestOfferEnabled': 'false', 'buyItNowAvailable': 'false', 'startTime': '2022-07-07T19:49:58.000Z', 'endTime': '2022-08-07T19:49:58.000Z', 'listingType': 'FixedPrice', 'gift': 'false', 'watchCount': '3'}",false,"{'conditionId': '3000', 'conditionDisplayName': 'Used'}",14.95,5.0,19.95
175344427601,Buck Marksman Blade knights orange g10 collab knife rare! 830 S35VN G&G,https://i.ebayimg.com/thumbs/images/g/bQUAAOSwzqRibcQw/s-l140.jpg,https://www.ebay.com/itm/Buck-Marksman-Blade-knights-orange-g10-collab-knife-rare-830-S35VN-G-G-/175344427601,946**,"Oakland,CA,USA",US,"{'shippingServiceCost': {'@currencyId': 'USD', '#text': '0.0'}, 'shippingType': 'Free', 'shipToLocations': 'Worldwide', 'expeditedShipping': 'false', 'oneDayShippingAvailable': 'false', 'handlingTime': '3'}","{'currentPrice': {'@currencyId': 'USD', '#text': '224.99'}, 'convertedCurrentPrice': {'@currencyId': 'USD', '#text': '224.99'}, 'sellingState': 'Active', 'timeLeft': 'P30DT4H0M43S'}","{'bestOfferEnabled': 'true', 'buyItNowAvailable': 'false', 'startTime': '2022-07-07T20:32:53.000Z', 'endTime': '2022-08-07T20:32:53.000Z', 'listingType': 'FixedPrice', 'gift': 'false', 'watchCount': '4'}",false,"{'conditionId': '3000', 'conditionDisplayName': 'Used'}",224.99,0.0,224.99
144626663439,Kershaw 7007CF Natrix Flipper Pocket Knife,https://i.ebayimg.com/thumbs/images/g/UbcAAOSwN-BivIeA/s-l140.jpg,https://www.ebay.com/itm/Kershaw-7007CF-Natrix-Flipper-Pocket-Knife-/144626663439,472**,"North Vernon,IN,USA",US,"{'shippingServiceCost': {'@currencyId': 'USD', '#text': '0.0'}, 'shippingType': 'Free', 'shipToLocations': 'Worldwide', 'expeditedShipping': 'false', 'oneDayShippingAvailable': 'false', 'handlingTime': '3'}","{'currentPrice': {'@currencyId': 'USD', '#text': '35.0'}, 'convertedCurrentPrice': {'@currencyId': 'USD', '#text': '35.0'}, 'sellingState': 'Active', 'timeLeft': 'P21DT0H38M30S'}","{'bestOfferEnabled': 'true', 'buyItNowAvailable': 'false', 'startTime': '2022-06-29T17:10:40.000Z', 'endTime': '2022-07-29T17:10:40.000Z', 'listingType': 'FixedPrice', 'gift': 'false', 'watchCount': '3'}",true,"{'conditionId': '3000', 'conditionDisplayName': 'Used'}",35.0,0.0,35.0
144626842329,Kershaw 3820 Injection Pocket Knife,https://i.ebayimg.com/thumbs/images/g/4u8AAOSwnGhivKzC/s-l140.jpg,https://www.ebay.com/itm/Kershaw-3820-Injection-Pocket-Knife-/144626842329,472**,"North Vernon,IN,USA",US,"{'shippingServiceCost': {'@currencyId': 'USD', '#text': '0.0'}, 'shippingType': 'Free', 'shipToLocations': 'Worldwide', 'expeditedShipping': 'false', 'oneDayShippingAvailable': 'false', 'handlingTime': '3'}","{'currentPrice': {'@currencyId': 'USD', '#text': '14.0'}, 'convertedCurrentPrice': {'@currencyId': 'USD', '#text': '14.0'}, 'sellingState': 'Active', 'timeLeft': 'P21DT3H17M31S'}","{'bestOfferEnabled': 'true', 'buyItNowAvailable': 'false', 'startTime': '2022-06-29T19:49:41.000Z', 'endTime': '2022-07-29T19:49:41.000Z', 'listingType': 'FixedPrice', 'gift': 'false', 'watchCount': '1'}",true,"{'conditionId': '3000', 'conditionDisplayName': 'Used'}",14.0,0.0,14.0
255576699607,Kershaw Sweet 1830ODSW Assisted Folding Pocket Knife!,https://i.ebayimg.com/thumbs/images/g/97wAAOSwZ3Vio6pB/s-l140.jpg,https://www.ebay.com/itm/Kershaw-Sweet-1830ODSW-Assisted-Folding-Pocket-Knife-/255576699607,488**,"Holt,MI,USA",US,"{'shippingServiceCost': {'@currencyId': 'USD', '#text': '0.0'}, 'shippingType': 'Free', 'shipToLocations': 'Worldwide', 'expeditedShipping': 'false', 'oneDayShippingAvailable': 'false', 'handlingTime': '1'}","{'currentPrice': {'@currencyId': 'USD', '#text': '19.0'}, 'convertedCurrentPrice': {'@currencyId': 'USD', '#text': '19.0'}, 'sellingState': 'Active', 'timeLeft': 'P2DT4H0M18S'}","{'bestOfferEnabled': 'false', 'buyItNowAvailable': 'false', 'startTime': '2022-06-10T20:32:28.000Z', 'endTime': '2022-07-10T20:32:28.000Z', 'listingType': 'FixedPrice', 'gift': 'false', 'watchCount': '8'}",false,"{'conditionId': '3000', 'conditionDisplayName': 'Used'}",19.0,0.0,19.0
402908964795,"Vtg Kershaw Kai 5100 Seki Japan 4"" Gentleman Folding Lockback Pocket Knife",https://i.ebayimg.com/thumbs/images/g/o78AAOSwBn1ikkVO/s-l140.jpg,https://www.ebay.com/itm/Vtg-Kershaw-Kai-5100-Seki-Japan-4-Gentleman-Folding-Lockback-Pocket-Knife-/402908964795,838**,"Post Falls,ID,USA",US,"{'shippingServiceCost': {'@currencyId': 'USD', '#text': '0.0'}, 'shippingType': 'Free', 'shipToLocations': 'Worldwide', 'expeditedShipping': 'true', 'oneDayShippingAvailable': 'false', 'handlingTime': '1'}","{'currentPrice': {'@currencyId': 'USD', '#text': '24.95'}, 'convertedCurrentPrice': {'@currencyId': 'USD', '#text': '24.95'}, 'sellingState': 'Active', 'timeLeft': 'P0DT6H35M4S'}","{'bestOfferEnabled': 'false', 'buyItNowAvailable': 'false', 'startTime': '2021-06-08T23:07:14.000Z', 'endTime': '2022-07-08T23:07:14.000Z', 'listingType': 'FixedPrice', 'gift': 'false', 'watchCount': '14'}",true,"{'conditionId': '3000', 'conditionDisplayName': 'Used'}",24.95,0.0,24.95
144631737143,BUCK USA 722 SPITFIRE LOCKBACK POCKET KNIFE,https://i.ebayimg.com/thumbs/images/g/hGIAAOSwQeFiwGjn/s-l140.jpg,https://www.ebay.com/itm/BUCK-USA-722-SPITFIRE-LOCKBACK-POCKET-KNIFE-/144631737143,472**,"North Vernon,IN,USA",US,"{'shippingServiceCost': {'@currencyId': 'USD', '#text': '0.0'}, 'shippingType': 'Free', 'shipToLocations': 'Worldwide', 'expeditedShipping': 'false', 'oneDayShippingAvailable': 'false', 'handlingTime': '3'}","{'currentPrice': {'@currencyId': 'USD', '#text': '24.0'}, 'convertedCurrentPrice': {'@currencyId': 'USD', '#text': '24.0'}, 'sellingState': 'Active', 'timeLeft': 'P24DT23H17M8S'}","{'bestOfferEnabled': 'true', 'buyItNowAvailable': 'false', 'startTime': '2022-07-02T15:49:18.000Z', 'endTime': '2022-08-02T15:49:18.000Z', 'listingType': 'FixedPrice', 'gift': 'false', 'watchCount': '2'}",true,"{'conditionId': '3000', 'conditionDisplayName': 'Used'}",24.0,0.0,24.0
144636536622,Spyderco Tenacious Pocket Knife,https://i.ebayimg.com/thumbs/images/g/rN0AAOSwSVBixYzy/s-l140.jpg,https://www.ebay.com/itm/Spyderco-Tenacious-Pocket-Knife-/144636536622,462**,"Indianapolis,IN,USA",US,"{'shippingServiceCost': {'@currencyId': 'USD', '#text': '0.0'}, 'shippingType': 'Free', 'shipToLocations': 'Worldwide', 'expeditedShipping': 'false', 'oneDayShippingAvailable': 'false', 'handlingTime': '3'}","{'currentPrice': {'@currencyId': 'USD', '#text': '34.0'}, 'convertedCurrentPrice': {'@currencyId': 'USD', '#text': '34.0'}, 'sellingState': 'Active', 'timeLeft': 'P28DT20H52M17S'}","{'bestOfferEnabled': 'true', 'buyItNowAvailable': 'false', 'startTime': '2022-07-06T13:24:27.000Z', 'endTime': '2022-08-06T13:24:27.000Z', 'listingType': 'FixedPrice', 'gift': 'false', 'watchCount': '3'}",true,"{'conditionId': '3000', 'conditionDisplayName': 'Used'}",34.0,0.0,34.0
255618028570,Kershaw Fatback Assisted Knife Black GRN Handle Black Plain Edge 1935,https://i.ebayimg.com/thumbs/images/g/8hkAAOSwEGJixlJx/s-l140.jpg,https://www.ebay.com/itm/Kershaw-Fatback-Assisted-Knife-Black-GRN-Handle-Black-Plain-Edge-1935-/255618028570,488**,"Holt,MI,USA",US,"{'shippingServiceCost': {'@currencyId': 'USD', '#text': '0.0'}, 'shippingType': 'Free', 'shipToLocations': 'Worldwide', 'expeditedShipping': 'false', 'oneDayShippingAvailable': 'false', 'handlingTime': '1'}","{'currentPrice': {'@currencyId': 'USD', '#text': '20.9'}, 'convertedCurrentPrice': {'@currencyId': 'USD', '#text': '20.9'}, 'sellingState': 'Active', 'timeLeft': 'P29DT10H55M21S'}","{'bestOfferEnabled': 'false', 'buyItNowAvailable': 'false', 'startTime': '2022-07-07T03:27:31.000Z', 'endTime': '2022-08-07T03:27:31.000Z', 'listingType': 'FixedPrice', 'gift': 'false'}",false,"{'conditionId': '3000', 'conditionDisplayName': 'Used'}",20.9,0.0,20.9
265754503474,Kershaw 7010 Highball Folding Knife.  D2 Clip Point Blade.,https://i.ebayimg.com/thumbs/images/g/QMAAAOSw9IRiuOBC/s-l140.jpg,https://www.ebay.com/itm/Kershaw-7010-Highball-Folding-Knife-D2-Clip-Point-Blade-/265754503474,780**,"Spring Branch,TX,USA",US,"{'shippingServiceCost': {'@currencyId': 'USD', '#text': '8.5'}, 'shippingType': 'Flat', 'shipToLocations': 'Worldwide', 'expeditedShipping': 'true', 'oneDayShippingAvailable': 'false', 'handlingTime': '3'}","{'currentPrice': {'@currencyId': 'USD', '#text': '27.0'}, 'convertedCurrentPrice': {'@currencyId': 'USD', '#text': '27.0'}, 'sellingState': 'Active', 'timeLeft': 'P18DT6H15M9S'}","{'bestOfferEnabled': 'false', 'buyItNowAvailable': 'false', 'startTime': '2022-06-26T22:47:19.000Z', 'endTime': '2022-07-26T22:47:19.000Z', 'listingType': 'FixedPrice', 'gift': 'false', 'watchCount': '6'}",false,"{'conditionId': '3000', 'conditionDisplayName': 'Used'}",27.0,8.5,35.5
265769175706,VICTORINOX SWISS ARMY FIELDMASTER RED 15 IN 1 MULTITOOL POCKET KNIFE!,https://i.ebayimg.com/thumbs/images/g/-xkAAOSw1~Nixip3/s-l140.jpg,https://www.ebay.com/itm/VICTORINOX-SWISS-ARMY-FIELDMASTER-RED-15-1-MULTITOOL-POCKET-KNIFE-/265769175706,488**,"Holt,MI,USA",US,"{'shippingServiceCost': {'@currencyId': 'USD', '#text': '0.0'}, 'shippingType': 'Free', 'shipToLocations': 'Worldwide', 'expeditedShipping': 'false', 'oneDayShippingAvailable': 'false', 'handlingTime': '1'}","{'currentPrice': {'@currencyId': 'USD', '#text': '23.74'}, 'convertedCurrentPrice': {'@currencyId': 'USD', '#text': '23.74'}, 'sellingState': 'Active', 'timeLeft': 'P29DT8H4M26S'}","{'bestOfferEnabled': 'false', 'buyItNowAvailable': 'false', 'startTime': '2022-07-07T00:36:36.000Z', 'endTime': '2022-08-07T00:36:36.000Z', 'listingType': 'FixedPrice', 'gift': 'false', 'watchCount': '2'}",false,"{'conditionId': '3000', 'conditionDisplayName': 'Used'}",23.74,0.0,23.74
144627865822,CRKT Ignitor 6855 Folding Pocket Knife Green,https://i.ebayimg.com/thumbs/images/g/3yQAAOSwJkBivd8j/s-l140.jpg,https://www.ebay.com/itm/CRKT-Ignitor-6855-Folding-Pocket-Knife-Green-/144627865822,472**,"North Vernon,IN,USA",US,"{'shippingServiceCost': {'@currencyId': 'USD', '#text': '0.0'}, 'shippingType': 'Free', 'shipToLocations': 'Worldwide', 'expeditedShipping': 'false', 'oneDayShippingAvailable': 'false', 'handlingTime': '3'}","{'currentPrice': {'@currencyId': 'USD', '#text': '28.0'}, 'convertedCurrentPrice': {'@currencyId': 'USD', '#text': '28.0'}, 'sellingState': 'Active', 'timeLeft': 'P22DT1H4M39S'}","{'bestOfferEnabled': 'true', 'buyItNowAvailable': 'false', 'startTime': '2022-06-30T17:36:49.000Z', 'endTime': '2022-07-30T17:36:49.000Z', 'listingType': 'FixedPrice', 'gift': 'false', 'watchCount': '3'}",true,"{'conditionId': '3000', 'conditionDisplayName': 'Used'}",28.0,0.0,28.0
225053740888,Benchmade Knife OEM Factory Empty Knife Box's GREY Without Inserts or Knife Bags,https://i.ebayimg.com/thumbs/images/g/ipIAAOSwmpNiu1pT/s-l140.jpg,https://www.ebay.com/itm/Benchmade-Knife-OEM-Factory-Empty-Knife-Boxs-GREY-Without-Inserts-Knife-Bags-/225053740888,346**,"Hudson,FL,USA",US,"{'shippingServiceCost': {'@currencyId': 'USD', '#text': '3.95'}, 'shippingType': 'Flat', 'shipToLocations': 'Worldwide', 'expeditedShipping': 'false', 'oneDayShippingAvailable': 'false', 'handlingTime': '3'}","{'currentPrice': {'@currencyId': 'USD', '#text': '5.0'}, 'convertedCurrentPrice': {'@currencyId': 'USD', '#text': '5.0'}, 'sellingState': 'Active', 'timeLeft': 'P21DT22H54M18S'}","{'bestOfferEnabled': 'false', 'buyItNowAvailable': 'false', 'startTime': '2022-06-30T15:26:28.000Z', 'endTime': '2022-07-30T15:26:28.000Z', 'listingType': 'FixedPrice', 'gift': 'false', 'watchCount': '1'}",false,"{'conditionId': '3000', 'conditionDisplayName': 'Used'}",5.0,3.95,8.95
265754527571,VICTORINOX DELUXE TINKER RED 91MM 17 FUNÐ¡TIONS POCKET KNIFE!,https://i.ebayimg.com/thumbs/images/g/~l0AAOSwWLdiuOsJ/s-l140.jpg,https://www.ebay.com/itm/VICTORINOX-DELUXE-TINKER-RED-91MM-17-FUN-TIONS-POCKET-KNIFE-/265754527571,488**,"Holt,MI,USA",US,"{'shippingServiceCost': {'@currencyId': 'USD', '#text': '0.0'}, 'shippingType': 'Free', 'shipToLocations': 'Worldwide', 'expeditedShipping': 'false', 'oneDayShippingAvailable': 'false', 'handlingTime': '1'}","{'currentPrice': {'@currencyId': 'USD', '#text': '28.5'}, 'convertedCurrentPrice': {'@currencyId': 'USD', '#text': '28.5'}, 'sellingState': 'Active', 'timeLeft': 'P18DT6H54M43S'}","{'bestOfferEnabled': 'false', 'buyItNowAvailable': 'false', 'startTime': '2022-06-26T23:26:53.000Z', 'endTime': '2022-07-26T23:26:53.000Z', 'listingType': 'FixedPrice', 'gift': 'false', 'watchCount': '8'}",false,"{'conditionId': '3000', 'conditionDisplayName': 'Used'}",28.5,0.0,28.5
265756088215,Victorinox Ranger Swiss Army Knife Red Multi-Tool!,https://i.ebayimg.com/thumbs/images/g/9coAAOSwvchiuk3Y/s-l140.jpg,https://www.ebay.com/itm/Victorinox-Ranger-Swiss-Army-Knife-Red-Multi-Tool-/265756088215,488**,"Holt,MI,USA",US,"{'shippingServiceCost': {'@currencyId': 'USD', '#text': '0.0'}, 'shippingType': 'Free', 'shipToLocations': 'Worldwide', 'expeditedShipping': 'false', 'oneDayShippingAvailable': 'false', 'handlingTime': '1'}","{'currentPrice': {'@currencyId': 'USD', '#text': '36.09'}, 'convertedCurrentPrice': {'@currencyId': 'USD', '#text': '36.09'}, 'sellingState': 'Active', 'timeLeft': 'P19DT8H8M6S'}","{'bestOfferEnabled': 'false', 'buyItNowAvailable': 'false', 'startTime': '2022-06-28T00:40:16.000Z', 'endTime': '2022-07-28T00:40:16.000Z', 'listingType': 'FixedPrice', 'gift': 'false', 'watchCount': '4'}",false,"{'conditionId': '3000', 'conditionDisplayName': 'Used'}",36.09,0.0,36.09
144636461292,Spyderco Dragonfly VG-10 Blade  FRN Handle Pocket Knife,https://i.ebayimg.com/thumbs/images/g/9aQAAOSwA0hixX7Q/s-l140.jpg,https://www.ebay.com/itm/Spyderco-Dragonfly-VG-10-Blade-FRN-Handle-Pocket-Knife-/144636461292,462**,"Indianapolis,IN,USA",US,"{'shippingServiceCost': {'@currencyId': 'USD', '#text': '0.0'}, 'shippingType': 'Free', 'shipToLocations': 'Worldwide', 'expeditedShipping': 'false', 'oneDayShippingAvailable': 'false', 'handlingTime': '3'}","{'currentPrice': {'@currencyId': 'USD', '#text': '52.0'}, 'convertedCurrentPrice': {'@currencyId': 'USD', '#text': '52.0'}, 'sellingState': 'Active', 'timeLeft': 'P28DT19H51M48S'}","{'bestOfferEnabled': 'true', 'buyItNowAvailable': 'false', 'startTime': '2022-07-06T12:23:58.000Z', 'endTime': '2022-08-06T12:23:58.000Z', 'listingType': 'FixedPrice', 'gift': 'false', 'watchCount': '8'}",true,"{'conditionId': '3000', 'conditionDisplayName': 'Used'}",52.0,0.0,52.0
144628360896,Crkt Li'l Guppie 9075 Knife,https://i.ebayimg.com/thumbs/images/g/5E4AAOSwGlFivjGx/s-l140.jpg,https://www.ebay.com/itm/Crkt-Lil-Guppie-9075-Knife-/144628360896,472**,"North Vernon,IN,USA",US,"{'shippingServiceCost': {'@currencyId': 'USD', '#text': '0.0'}, 'shippingType': 'Free', 'shipToLocations': 'Worldwide', 'expeditedShipping': 'false', 'oneDayShippingAvailable': 'false', 'handlingTime': '3'}","{'currentPrice': {'@currencyId': 'USD', '#text': '32.0'}, 'convertedCurrentPrice': {'@currencyId': 'USD', '#text': '32.0'}, 'sellingState': 'Active', 'timeLeft': 'P22DT6H57M4S'}","{'bestOfferEnabled': 'true', 'buyItNowAvailable': 'false', 'startTime': '2022-06-30T23:29:14.000Z', 'endTime': '2022-07-30T23:29:14.000Z', 'listingType': 'FixedPrice', 'gift': 'false', 'watchCount': '5'}",true,"{'conditionId': '3000', 'conditionDisplayName': 'Used'}",32.0,0.0,32.0
144626842890,Kershaw Filter 1306BW Folding Pocket Knife,https://i.ebayimg.com/thumbs/images/g/9fwAAOSwkWNivKz7/s-l140.jpg,https://www.ebay.com/itm/Kershaw-Filter-1306BW-Folding-Pocket-Knife-/144626842890,472**,"North Vernon,IN,USA",US,"{'shippingServiceCost': {'@currencyId': 'USD', '#text': '0.0'}, 'shippingType': 'Free', 'shipToLocations': 'Worldwide', 'expeditedShipping': 'false', 'oneDayShippingAvailable': 'false', 'handlingTime': '3'}","{'currentPrice': {'@currencyId': 'USD', '#text': '14.0'}, 'convertedCurrentPrice': {'@currencyId': 'USD', '#text': '14.0'}, 'sellingState': 'Active', 'timeLeft': 'P21DT3H18M28S'}","{'bestOfferEnabled': 'true', 'buyItNowAvailable': 'false', 'startTime': '2022-06-29T19:50:38.000Z', 'endTime': '2022-07-29T19:50:38.000Z', 'listingType': 'FixedPrice', 'gift': 'false', 'watchCount': '4'}",true,"{'conditionId': '3000', 'conditionDisplayName': 'Used'}",14.0,0.0,14.0
144631745653,BUCK 375 Pocket Knife 2 blade,https://i.ebayimg.com/thumbs/images/g/vgQAAOSwFZhiwGw8/s-l140.jpg,https://www.ebay.com/itm/BUCK-375-Pocket-Knife-2-blade-/144631745653,472**,"North Vernon,IN,USA",US,"{'shippingServiceCost': {'@currencyId': 'USD', '#text': '0.0'}, 'shippingType': 'Free', 'shipToLocations': 'Worldwide', 'expeditedShipping': 'false', 'oneDayShippingAvailable': 'false', 'handlingTime': '3'}","{'currentPrice': {'@currencyId': 'USD', '#text': '16.0'}, 'convertedCurrentPrice': {'@currencyId': 'USD', '#text': '16.0'}, 'sellingState': 'Active', 'timeLeft': 'P24DT23H31M35S'}","{'bestOfferEnabled': 'true', 'buyItNowAvailable': 'false', 'startTime': '2022-07-02T16:03:45.000Z', 'endTime': '2022-08-02T16:03:45.000Z', 'listingType': 'FixedPrice', 'gift': 'false', 'watchCount': '2'}",true,"{'conditionId': '3000', 'conditionDisplayName': 'Used'}",16.0,0.0,16.0
225053773733,CRKT 2490  SQUID FRAMELOCK FOLDING KNIFE BLACKWASH STAINLESS STEEL,https://i.ebayimg.com/thumbs/images/g/OwEAAOSwtpNivccc/s-l140.jpg,https://www.ebay.com/itm/CRKT-2490-SQUID-FRAMELOCK-FOLDING-KNIFE-BLACKWASH-STAINLESS-STEEL-/225053773733,242**,"Abingdon,VA,USA",US,"{'shippingServiceCost': {'@currencyId': 'USD', '#text': '5.99'}, 'shippingType': 'Flat', 'shipToLocations': 'Worldwide', 'expeditedShipping': 'false', 'oneDayShippingAvailable': 'false', 'handlingTime': '1'}","{'currentPrice': {'@currencyId': 'USD', '#text': '13.99'}, 'convertedCurrentPrice': {'@currencyId': 'USD', '#text': '13.99'}, 'sellingState': 'Active', 'timeLeft': 'P21DT23H22M30S'}","{'bestOfferEnabled': 'true', 'buyItNowAvailable': 'false', 'startTime': '2022-06-30T15:54:40.000Z', 'endTime': '2022-07-30T15:54:40.000Z', 'listingType': 'FixedPrice', 'gift': 'false', 'watchCount': '5'}",true,"{'conditionId': '3000', 'conditionDisplayName': 'Used'}",13.99,5.99,19.98
195199919820,Spyderco Chicago G-10 Folding Knife Black Cheap. Used. Under 2.5 inch blade,https://i.ebayimg.com/thumbs/images/g/CQEAAOSwQjxix2Wi/s-l140.jpg,https://www.ebay.com/itm/Spyderco-Chicago-G-10-Folding-Knife-Black-Cheap-Used-Under-2-5-inch-blade-/195199919820,478**,"Terre Haute,IN,USA",US,"{'shippingServiceCost': {'@currencyId': 'USD', '#text': '5.59'}, 'shippingType': 'Flat', 'shipToLocations': 'Worldwide', 'expeditedShipping': 'false', 'oneDayShippingAvailable': 'false', 'handlingTime': '3'}","{'currentPrice': {'@currencyId': 'USD', '#text': '49.99'}, 'convertedCurrentPrice': {'@currencyId': 'USD', '#text': '49.99'}, 'sellingState': 'Active', 'timeLeft': 'P30DT6H57M51S'}","{'bestOfferEnabled': 'true', 'buyItNowAvailable': 'false', 'startTime': '2022-07-07T23:30:01.000Z', 'endTime': '2022-08-07T23:30:01.000Z', 'listingType': 'FixedPrice', 'gift': 'false', 'watchCount': '4'}",false,"{'conditionId': '3000', 'conditionDisplayName': 'Used'}",49.99,5.59,55.58
265615501112,Victorinox Original Minichamp I Swiss Army Pocket Knife - Red - Very Good,https://i.ebayimg.com/thumbs/images/g/xDAAAOSwnyJiP71P/s-l140.jpg,https://www.ebay.com/itm/Victorinox-Original-Minichamp-Swiss-Army-Pocket-Knife-Red-Very-Good-/265615501112,801**,"Castle Rock,CO,USA",US,"{'shippingServiceCost': {'@currencyId': 'USD', '#text': '0.0'}, 'shippingType': 'Free', 'shipToLocations': 'Worldwide', 'expeditedShipping': 'false', 'oneDayShippingAvailable': 'false', 'handlingTime': '1'}","{'currentPrice': {'@currencyId': 'USD', '#text': '37.99'}, 'convertedCurrentPrice': {'@currencyId': 'USD', '#text': '37.99'}, 'sellingState': 'Active', 'timeLeft': 'P18DT9H1M19S'}","{'bestOfferEnabled': 'false', 'buyItNowAvailable': 'false', 'startTime': '2022-03-27T01:33:29.000Z', 'endTime': '2022-07-27T01:33:29.000Z', 'listingType': 'FixedPrice', 'gift': 'false', 'watchCount': '23'}",true,"{'conditionId': '3000', 'conditionDisplayName': 'Used'}",37.99,0.0,37.99
402910684828,Vtg Kershaw Kai 5300 Seki Japan Gentleman NS Pearl Folding Lockback Pocket Knife,https://i.ebayimg.com/thumbs/images/g/mZoAAOSwgmFhxgTM/s-l140.jpg,https://www.ebay.com/itm/Vtg-Kershaw-Kai-5300-Seki-Japan-Gentleman-NS-Pearl-Folding-Lockback-Pocket-Knife-/402910684828,838**,"Post Falls,ID,USA",US,"{'shippingServiceCost': {'@currencyId': 'USD', '#text': '0.0'}, 'shippingType': 'Free', 'shipToLocations': 'Worldwide', 'expeditedShipping': 'true', 'oneDayShippingAvailable': 'false', 'handlingTime': '1'}","{'currentPrice': {'@currencyId': 'USD', '#text': '26.95'}, 'convertedCurrentPrice': {'@currencyId': 'USD', '#text': '26.95'}, 'sellingState': 'Active', 'timeLeft': 'P1DT1H5M43S'}","{'bestOfferEnabled': 'false', 'buyItNowAvailable': 'false', 'startTime': '2021-06-09T17:37:53.000Z', 'endTime': '2022-07-09T17:37:53.000Z', 'listingType': 'FixedPrice', 'gift': 'false', 'watchCount': '110'}",true,"{'conditionId': '3000', 'conditionDisplayName': 'Used'}",26.95,0.0,26.95
144636656306,Case USA XX Stockman 63087 Folding Pocket Knife,https://i.ebayimg.com/thumbs/images/g/0FQAAOSwsadixaxS/s-l140.jpg,https://www.ebay.com/itm/Case-USA-XX-Stockman-63087-Folding-Pocket-Knife-/144636656306,472**,"North Vernon,IN,USA",US,"{'shippingServiceCost': {'@currencyId': 'USD', '#text': '0.0'}, 'shippingType': 'Free', 'shipToLocations': 'Worldwide', 'expeditedShipping': 'false', 'oneDayShippingAvailable': 'false', 'handlingTime': '3'}","{'currentPrice': {'@currencyId': 'USD', '#text': '35.0'}, 'convertedCurrentPrice': {'@currencyId': 'USD', '#text': '35.0'}, 'sellingState': 'Active', 'timeLeft': 'P28DT23H6M3S'}","{'bestOfferEnabled': 'true', 'buyItNowAvailable': 'false', 'startTime': '2022-07-06T15:38:13.000Z', 'endTime': '2022-08-06T15:38:13.000Z', 'listingType': 'FixedPrice', 'gift': 'false', 'watchCount': '2'}",true,"{'conditionId': '3000', 'conditionDisplayName': 'Used'}",35.0,0.0,35.0
334467087808,Victorinox Classic SD Swiss Army Knife 3 Tool **Various Colors With Logos**,https://i.ebayimg.com/thumbs/images/g/3f4AAOSwGkBfx7rY/s-l140.jpg,https://www.ebay.com/itm/Victorinox-Classic-SD-Swiss-Army-Knife-3-Tool-Various-Colors-Logos-/334467087808?var=0&vti=,303**,"Atlanta,GA,USA",US,"{'shippingServiceCost': {'@currencyId': 'USD', '#text': '0.0'}, 'shippingType': 'Free', 'shipToLocations': 'Worldwide', 'expeditedShipping': 'false', 'oneDayShippingAvailable': 'false', 'handlingTime': '1'}","{'currentPrice': {'@currencyId': 'USD', '#text': '8.59'}, 'convertedCurrentPrice': {'@currencyId': 'USD', '#text': '8.59'}, 'sellingState': 'Active', 'timeLeft': 'P30DT2H2M15S'}","{'bestOfferEnabled': 'false', 'buyItNowAvailable': 'false', 'startTime': '2022-06-07T18:34:25.000Z', 'endTime': '2022-08-07T18:34:25.000Z', 'listingType': 'FixedPrice', 'gift': 'false', 'watchCount': '13'}",true,"{'conditionId': '3000', 'conditionDisplayName': 'Used'}",8.59,0.0,8.59
144636466271,Spyderco Dragonfly VG-10 Stainless steel Lockback Pocket Knife Seki Japan,https://i.ebayimg.com/thumbs/images/g/LHcAAOSwIUpixYGX/s-l140.jpg,https://www.ebay.com/itm/Spyderco-Dragonfly-VG-10-Stainless-steel-Lockback-Pocket-Knife-Seki-Japan-/144636466271,472**,"North Vernon,IN,USA",US,"{'shippingServiceCost': {'@currencyId': 'USD', '#text': '0.0'}, 'shippingType': 'Free', 'shipToLocations': 'Worldwide', 'expeditedShipping': 'false', 'oneDayShippingAvailable': 'false', 'handlingTime': '3'}","{'currentPrice': {'@currencyId': 'USD', '#text': '64.0'}, 'convertedCurrentPrice': {'@currencyId': 'USD', '#text': '64.0'}, 'sellingState': 'Active', 'timeLeft': 'P28DT20H3M48S'}","{'bestOfferEnabled': 'true', 'buyItNowAvailable': 'false', 'startTime': '2022-07-06T12:35:58.000Z', 'endTime': '2022-08-06T12:35:58.000Z', 'listingType': 'FixedPrice', 'gift': 'false', 'watchCount': '3'}",true,"{'conditionId': '3000', 'conditionDisplayName': 'Used'}",64.0,0.0,64.0
363429037003,Vtg Kershaw Kai 5300 Seki Japan Small Stainless Folding Lockback Pocket Knife,https://i.ebayimg.com/thumbs/images/g/liAAAOSwr8dgwPx6/s-l140.jpg,https://www.ebay.com/itm/Vtg-Kershaw-Kai-5300-Seki-Japan-Small-Stainless-Folding-Lockback-Pocket-Knife-/363429037003,838**,"Post Falls,ID,USA",US,"{'shippingServiceCost': {'@currencyId': 'USD', '#text': '0.0'}, 'shippingType': 'Free', 'shipToLocations': 'Worldwide', 'expeditedShipping': 'true', 'oneDayShippingAvailable': 'false', 'handlingTime': '1'}","{'currentPrice': {'@currencyId': 'USD', '#text': '21.95'}, 'convertedCurrentPrice': {'@currencyId': 'USD', '#text': '21.95'}, 'sellingState': 'Active', 'timeLeft': 'P1DT1H5M49S'}","{'bestOfferEnabled': 'false', 'buyItNowAvailable': 'false', 'startTime': '2021-06-09T17:37:59.000Z', 'endTime': '2022-07-09T17:37:59.000Z', 'listingType': 'FixedPrice', 'gift': 'false', 'watchCount': '75'}",true,"{'conditionId': '3000', 'conditionDisplayName': 'Used'}",21.95,0.0,21.95
265750497592,Victorinox Swiss Army One-Hand Trekker Black Pocket Knife!,https://i.ebayimg.com/thumbs/images/g/TMEAAOSwwIhitQsv/s-l140.jpg,https://www.ebay.com/itm/Victorinox-Swiss-Army-One-Hand-Trekker-Black-Pocket-Knife-/265750497592,488**,"Holt,MI,USA",US,"{'shippingServiceCost': {'@currencyId': 'USD', '#text': '0.0'}, 'shippingType': 'Free', 'shipToLocations': 'Worldwide', 'expeditedShipping': 'false', 'oneDayShippingAvailable': 'false', 'handlingTime': '1'}","{'currentPrice': {'@currencyId': 'USD', '#text': '39.9'}, 'convertedCurrentPrice': {'@currencyId': 'USD', '#text': '39.9'}, 'sellingState': 'Active', 'timeLeft': 'P15DT8H22M38S'}","{'bestOfferEnabled': 'false', 'buyItNowAvailable': 'false', 'startTime': '2022-06-24T00:54:48.000Z', 'endTime': '2022-07-24T00:54:48.000Z', 'listingType': 'FixedPrice', 'gift': 'false', 'watchCount': '14'}",false,"{'conditionId': '3000', 'conditionDisplayName': 'Used'}",39.9,0.0,39.9
325238440337,"Kershaw 3560 Ember Knife, Assisted Opening, Plain Edge, Gray - Excellent",https://i.ebayimg.com/thumbs/images/g/9a8AAOSwUbZisgyE/s-l140.jpg,https://www.ebay.com/itm/Kershaw-3560-Ember-Knife-Assisted-Opening-Plain-Edge-Gray-Excellent-/325238440337,033**,"Concord,NH,USA",US,"{'shippingServiceCost': {'@currencyId': 'USD', '#text': '3.5'}, 'shippingType': 'Flat', 'shipToLocations': 'Worldwide', 'expeditedShipping': 'false', 'oneDayShippingAvailable': 'false', 'handlingTime': '1'}","{'currentPrice': {'@currencyId': 'USD', '#text': '17.25'}, 'convertedCurrentPrice': {'@currencyId': 'USD', '#text': '17.25'}, 'sellingState': 'Active', 'timeLeft': 'P13DT1H56M17S'}","{'bestOfferEnabled': 'false', 'buyItNowAvailable': 'false', 'startTime': '2022-06-21T18:28:27.000Z', 'endTime': '2022-07-21T18:28:27.000Z', 'listingType': 'FixedPrice', 'gift': 'false', 'watchCount': '2'}",true,"{'conditionId': '3000', 'conditionDisplayName': 'Used'}",17.25,3.5,20.75
295073613121,CRKT 2490KS Squid Burnley Design Pocket Knife,https://i.ebayimg.com/thumbs/images/g/lMIAAOSw6z1ijtCi/s-l140.jpg,https://www.ebay.com/itm/CRKT-2490KS-Squid-Burnley-Design-Pocket-Knife-/295073613121,815**,"Grand Junction,CO,USA",US,"{'shippingServiceCost': {'@currencyId': 'USD', '#text': '0.0'}, 'shippingType': 'Free', 'shipToLocations': 'Worldwide', 'expeditedShipping': 'false', 'oneDayShippingAvailable': 'false', 'handlingTime': '1'}","{'currentPrice': {'@currencyId': 'USD', '#text': '17.99'}, 'convertedCurrentPrice': {'@currencyId': 'USD', '#text': '17.99'}, 'sellingState': 'Active', 'timeLeft': 'P24DT10H40M21S'}","{'bestOfferEnabled': 'false', 'buyItNowAvailable': 'false', 'startTime': '2022-07-02T03:12:31.000Z', 'endTime': '2022-08-02T03:12:31.000Z', 'listingType': 'FixedPrice', 'gift': 'false', 'watchCount': '2'}",true,"{'conditionId': '3000', 'conditionDisplayName': 'Used'}",17.99,0.0,17.99
195187721027,Buck 313 USA Muskrat Pocket Knife Used Solid Shape Age & Wear,https://i.ebayimg.com/thumbs/images/g/T58AAOSwzl9iwQtF/s-l140.jpg,https://www.ebay.com/itm/Buck-313-USA-Muskrat-Pocket-Knife-Used-Solid-Shape-Age-Wear-/195187721027,634**,"Monroe City,MO,USA",US,"{'shippingServiceCost': {'@currencyId': 'USD', '#text': '6.0'}, 'shippingType': 'Flat', 'shipToLocations': 'Worldwide', 'expeditedShipping': 'false', 'oneDayShippingAvailable': 'false', 'handlingTime': '2'}","{'currentPrice': {'@currencyId': 'USD', '#text': '28.0'}, 'convertedCurrentPrice': {'@currencyId': 'USD', '#text': '28.0'}, 'sellingState': 'Active', 'timeLeft': 'P25DT10H50M38S'}","{'bestOfferEnabled': 'true', 'buyItNowAvailable': 'false', 'startTime': '2022-07-03T03:22:48.000Z', 'endTime': '2022-08-03T03:22:48.000Z', 'listingType': 'FixedPrice', 'gift': 'false', 'watchCount': '3'}",false,"{'conditionId': '3000', 'conditionDisplayName': 'Used'}",28.0,6.0,34.0
332563088228,Victorinox Swiss Army Signature Knife Multi-Tool w/ Pen [Various],https://i.ebayimg.com/thumbs/images/g/o3kAAOSwNDJajZ1N/s-l140.jpg,https://www.ebay.com/itm/Victorinox-Swiss-Army-Signature-Knife-Multi-Tool-w-Pen-Various-/332563088228?var=0&vti=,303**,"Atlanta,GA,USA",US,"{'shippingServiceCost': {'@currencyId': 'USD', '#text': '0.0'}, 'shippingType': 'Free', 'shipToLocations': 'Worldwide', 'expeditedShipping': 'false', 'oneDayShippingAvailable': 'false', 'handlingTime': '1'}","{'currentPrice': {'@currencyId': 'USD', '#text': '9.89'}, 'convertedCurrentPrice': {'@currencyId': 'USD', '#text': '9.89'}, 'sellingState': 'Active', 'timeLeft': 'P12DT23H54M29S'}","{'bestOfferEnabled': 'false', 'buyItNowAvailable': 'false', 'startTime': '2018-02-21T16:26:39.000Z', 'endTime': '2022-07-21T16:26:39.000Z', 'listingType': 'FixedPrice', 'gift': 'false', 'watchCount': '12'}",true,"{'conditionId': '3000', 'conditionDisplayName': 'Used'}",9.89,0.0,9.89
144627862834,KERSHAW POCKET KNIFE  2020WM,https://i.ebayimg.com/thumbs/images/g/~UUAAOSwngZivd3k/s-l140.jpg,https://www.ebay.com/itm/KERSHAW-POCKET-KNIFE-2020WM-/144627862834,472**,"North Vernon,IN,USA",US,"{'shippingServiceCost': {'@currencyId': 'USD', '#text': '0.0'}, 'shippingType': 'Free', 'shipToLocations': 'Worldwide', 'expeditedShipping': 'false', 'oneDayShippingAvailable': 'false', 'handlingTime': '3'}","{'currentPrice': {'@currencyId': 'USD', '#text': '19.0'}, 'convertedCurrentPrice': {'@currencyId': 'USD', '#text': '19.0'}, 'sellingState': 'Active', 'timeLeft': 'P22DT0H59M35S'}","{'bestOfferEnabled': 'true', 'buyItNowAvailable': 'false', 'startTime': '2022-06-30T17:31:45.000Z', 'endTime': '2022-07-30T17:31:45.000Z', 'listingType': 'FixedPrice', 'gift': 'false', 'watchCount': '1'}",true,"{'conditionId': '3000', 'conditionDisplayName': 'Used'}",19.0,0.0,19.0
144626673276,Kershaw Zing 1730SS Folding Pocket Knife,https://i.ebayimg.com/thumbs/images/g/9c0AAOSwrKBivIpK/s-l140.jpg,https://www.ebay.com/itm/Kershaw-Zing-1730SS-Folding-Pocket-Knife-/144626673276,472**,"North Vernon,IN,USA",US,"{'shippingServiceCost': {'@currencyId': 'USD', '#text': '0.0'}, 'shippingType': 'Free', 'shipToLocations': 'Worldwide', 'expeditedShipping': 'false', 'oneDayShippingAvailable': 'false', 'handlingTime': '3'}","{'currentPrice': {'@currencyId': 'USD', '#text': '19.0'}, 'convertedCurrentPrice': {'@currencyId': 'USD', '#text': '19.0'}, 'sellingState': 'Active', 'timeLeft': 'P21DT0H50M25S'}","{'bestOfferEnabled': 'true', 'buyItNowAvailable': 'false', 'startTime': '2022-06-29T17:22:35.000Z', 'endTime': '2022-07-29T17:22:35.000Z', 'listingType': 'FixedPrice', 'gift': 'false', 'watchCount': '1'}",true,"{'conditionId': '3000', 'conditionDisplayName': 'Used'}",19.0,0.0,19.0
293676519516,"Victorinox Camper Swiss Army knife, red - with Camping logo,",https://i.ebayimg.com/thumbs/images/g/XkYAAOSwHF5cZFAU/s-l140.jpg,https://www.ebay.com/itm/Victorinox-Camper-Swiss-Army-knife-red-Camping-logo-/293676519516,857**,"Tucson,AZ,USA",US,"{'shippingServiceCost': {'@currencyId': 'USD', '#text': '4.0'}, 'shippingType': 'FlatDomesticCalculatedInternational', 'shipToLocations': 'Worldwide', 'expeditedShipping': 'false', 'oneDayShippingAvailable': 'false', 'handlingTime': '3'}","{'currentPrice': {'@currencyId': 'USD', '#text': '15.0'}, 'convertedCurrentPrice': {'@currencyId': 'USD', '#text': '15.0'}, 'sellingState': 'Active', 'timeLeft': 'P26DT23H26M24S'}","{'bestOfferEnabled': 'false', 'buyItNowAvailable': 'false', 'startTime': '2020-08-04T15:58:34.000Z', 'endTime': '2022-08-04T15:58:34.000Z', 'listingType': 'FixedPrice', 'gift': 'false', 'watchCount': '29'}",true,"{'conditionId': '3000', 'conditionDisplayName': 'Used'}",15.0,4.0,19.0
134165342330,"CRKT Snap On Ripple Assisted Folding Knife, Red, Rare",https://i.ebayimg.com/thumbs/images/g/NMEAAOSwYyNixPJ0/s-l140.jpg,https://www.ebay.com/itm/CRKT-Snap-Ripple-Assisted-Folding-Knife-Red-Rare-/134165342330,786**,"Kyle,TX,USA",US,"{'shippingServiceCost': {'@currencyId': 'USD', '#text': '2.99'}, 'shippingType': 'Flat', 'shipToLocations': 'Worldwide', 'expeditedShipping': 'false', 'oneDayShippingAvailable': 'false', 'handlingTime': '2'}","{'currentPrice': {'@currencyId': 'USD', '#text': '49.99'}, 'convertedCurrentPrice': {'@currencyId': 'USD', '#text': '49.99'}, 'sellingState': 'Active', 'timeLeft': 'P28DT9H53M38S'}","{'bestOfferEnabled': 'false', 'buyItNowAvailable': 'false', 'startTime': '2022-07-06T02:25:48.000Z', 'endTime': '2022-08-06T02:25:48.000Z', 'listingType': 'FixedPrice', 'gift': 'false', 'watchCount': '2'}",false,"{'conditionId': '3000', 'conditionDisplayName': 'Used'}",49.99,2.99,52.980000000000004
165560377525,victorinox swiss army knife officier suisse 13 blade,https://i.ebayimg.com/thumbs/images/g/3ucAAOSwBLRiwkzw/s-l140.jpg,https://www.ebay.com/itm/victorinox-swiss-army-knife-officier-suisse-13-blade-/165560377525,956**,"Pine Grove,CA,USA",US,"{'shippingServiceCost': {'@currencyId': 'USD', '#text': '0.0'}, 'shippingType': 'Free', 'shipToLocations': 'Worldwide', 'expeditedShipping': 'false', 'oneDayShippingAvailable': 'false', 'handlingTime': '3'}","{'currentPrice': {'@currencyId': 'USD', '#text': '34.0'}, 'convertedCurrentPrice': {'@currencyId': 'USD', '#text': '34.0'}, 'sellingState': 'Active', 'timeLeft': 'P26DT9H44M49S'}","{'bestOfferEnabled': 'false', 'buyItNowAvailable': 'false', 'startTime': '2022-07-04T02:16:59.000Z', 'endTime': '2022-08-04T02:16:59.000Z', 'listingType': 'FixedPrice', 'gift': 'false', 'watchCount': '3'}",true,"{'conditionId': '3000', 'conditionDisplayName': 'Used'}",34.0,0.0,34.0
125402309779,Buck USA Vantage 340 Small 420HC Plain Blade Folding Pocket Knife -- Good Condit,https://i.ebayimg.com/thumbs/images/g/oJUAAOSwkj5ixDgq/s-l140.jpg,https://www.ebay.com/itm/Buck-USA-Vantage-340-Small-420HC-Plain-Blade-Folding-Pocket-Knife-Good-Condit-/125402309779,371**,"Mount Juliet,TN,USA",US,"{'shippingServiceCost': {'@currencyId': 'USD', '#text': '5.99'}, 'shippingType': 'Flat', 'shipToLocations': 'Worldwide', 'expeditedShipping': 'false', 'oneDayShippingAvailable': 'false', 'handlingTime': '2'}","{'currentPrice': {'@currencyId': 'USD', '#text': '22.99'}, 'convertedCurrentPrice': {'@currencyId': 'USD', '#text': '22.99'}, 'sellingState': 'Active', 'timeLeft': 'P27DT20H42M49S'}","{'bestOfferEnabled': 'false', 'buyItNowAvailable': 'false', 'startTime': '2022-07-05T13:14:59.000Z', 'endTime': '2022-08-05T13:14:59.000Z', 'listingType': 'FixedPrice', 'gift': 'false', 'watchCount': '3'}",true,"{'conditionId': '3000', 'conditionDisplayName': 'Used'}",22.99,5.99,28.979999999999997
284864257630,Spyderco C07 Stainless Police Folding Knife Serrated 1980 Japan,https://i.ebayimg.com/thumbs/images/g/MY4AAOSw0txisOlN/s-l140.jpg,https://www.ebay.com/itm/Spyderco-C07-Stainless-Police-Folding-Knife-Serrated-1980-Japan-/284864257630,805**,"Fort Collins,CO,USA",US,"{'shippingServiceCost': {'@currencyId': 'USD', '#text': '0.0'}, 'shippingType': 'Free', 'shipToLocations': 'Worldwide', 'expeditedShipping': 'false', 'oneDayShippingAvailable': 'false', 'handlingTime': '2'}","{'currentPrice': {'@currencyId': 'USD', '#text': '99.0'}, 'convertedCurrentPrice': {'@currencyId': 'USD', '#text': '99.0'}, 'sellingState': 'Active', 'timeLeft': 'P12DT5H14M45S'}","{'bestOfferEnabled': 'false', 'buyItNowAvailable': 'false', 'startTime': '2022-06-20T21:46:55.000Z', 'endTime': '2022-07-20T21:46:55.000Z', 'listingType': 'FixedPrice', 'gift': 'false', 'watchCount': '9'}",true,"{'conditionId': '3000', 'conditionDisplayName': 'Used'}",99.0,0.0,99.0
144636460725,Spyderco Chicago G-10 CTS BD1N Folding Knife,https://i.ebayimg.com/thumbs/images/g/k-oAAOSwkQpixX5m/s-l140.jpg,https://www.ebay.com/itm/Spyderco-Chicago-G-10-CTS-BD1N-Folding-Knife-/144636460725,472**,"North Vernon,IN,USA",US,"{'shippingServiceCost': {'@currencyId': 'USD', '#text': '0.0'}, 'shippingType': 'Free', 'shipToLocations': 'Worldwide', 'expeditedShipping': 'true', 'oneDayShippingAvailable': 'false', 'handlingTime': '2'}","{'currentPrice': {'@currencyId': 'USD', '#text': '44.0'}, 'convertedCurrentPrice': {'@currencyId': 'USD', '#text': '44.0'}, 'sellingState': 'Active', 'timeLeft': 'P28DT19H50M24S'}","{'bestOfferEnabled': 'true', 'buyItNowAvailable': 'false', 'startTime': '2022-07-06T12:22:34.000Z', 'endTime': '2022-08-06T12:22:34.000Z', 'listingType': 'FixedPrice', 'gift': 'false', 'watchCount': '6'}",true,"{'conditionId': '3000', 'conditionDisplayName': 'Used'}",44.0,0.0,44.0
265761448724,Victorinox Original Swiss Army Climber Pocket Knife! BLACK!!!,https://i.ebayimg.com/thumbs/images/g/CmcAAOSwkaJivzuy/s-l140.jpg,https://www.ebay.com/itm/Victorinox-Original-Swiss-Army-Climber-Pocket-Knife-BLACK-/265761448724,488**,"Holt,MI,USA",US,"{'shippingServiceCost': {'@currencyId': 'USD', '#text': '0.0'}, 'shippingType': 'Free', 'shipToLocations': 'Worldwide', 'expeditedShipping': 'false', 'oneDayShippingAvailable': 'false', 'handlingTime': '1'}","{'currentPrice': {'@currencyId': 'USD', '#text': '15.17'}, 'convertedCurrentPrice': {'@currencyId': 'USD', '#text': '15.17'}, 'sellingState': 'Active', 'timeLeft': 'P24DT1H52M11S'}","{'bestOfferEnabled': 'false', 'buyItNowAvailable': 'false', 'startTime': '2022-07-01T18:24:21.000Z', 'endTime': '2022-08-01T18:24:21.000Z', 'listingType': 'FixedPrice', 'gift': 'false', 'watchCount': '3'}",false,"{'conditionId': '3000', 'conditionDisplayName': 'Used'}",15.17,0.0,15.17
115453818644,Kershaw Speed Bump NIB 1595G10/Kershaw Knife,https://i.ebayimg.com/thumbs/images/g/KGEAAOSwiZxiwx2J/s-l140.jpg,https://www.ebay.com/itm/Kershaw-Speed-Bump-NIB-1595G10-Kershaw-Knife-/115453818644,750**,"Plano,TX,USA",US,"{'shippingServiceCost': {'@currencyId': 'USD', '#text': '5.25'}, 'shippingType': 'Flat', 'shipToLocations': 'Worldwide', 'expeditedShipping': 'false', 'oneDayShippingAvailable': 'false', 'handlingTime': '1'}","{'currentPrice': {'@currencyId': 'USD', '#text': '59.99'}, 'convertedCurrentPrice': {'@currencyId': 'USD', '#text': '59.99'}, 'sellingState': 'Active', 'timeLeft': 'P27DT0H36M2S'}","{'bestOfferEnabled': 'false', 'buyItNowAvailable': 'false', 'startTime': '2022-07-04T17:08:12.000Z', 'endTime': '2022-08-04T17:08:12.000Z', 'listingType': 'FixedPrice', 'gift': 'false', 'watchCount': '2'}",false,"{'conditionId': '3000', 'conditionDisplayName': 'Used'}",59.99,5.25,65.24000000000001
363879932267,CRKT Ikoma Fossil  5470 Folding Pocket Knife: Stainless Steel Plain Edge,https://i.ebayimg.com/thumbs/images/g/DFQAAOSwR6FisQhi/s-l140.jpg,https://www.ebay.com/itm/CRKT-Ikoma-Fossil-5470-Folding-Pocket-Knife-Stainless-Steel-Plain-Edge-/363879932267,814**,"Montrose,CO,USA",US,"{'shippingServiceCost': {'@currencyId': 'USD', '#text': '0.0'}, 'shippingType': 'Free', 'shipToLocations': 'Worldwide', 'expeditedShipping': 'false', 'oneDayShippingAvailable': 'false', 'handlingTime': '1'}","{'currentPrice': {'@currencyId': 'USD', '#text': '36.0'}, 'convertedCurrentPrice': {'@currencyId': 'USD', '#text': '36.0'}, 'sellingState': 'Active', 'timeLeft': 'P12DT7H26M22S'}","{'bestOfferEnabled': 'false', 'buyItNowAvailable': 'false', 'startTime': '2022-06-20T23:58:32.000Z', 'endTime': '2022-07-20T23:58:32.000Z', 'listingType': 'FixedPrice', 'gift': 'false', 'watchCount': '8'}",true,"{'conditionId': '3000', 'conditionDisplayName': 'Used'}",36.0,0.0,36.0
255619418430,victorinox SWISS ARMY KNIFE -    CAMO 6 BLADE  CAMPING FISHING   SAK,https://i.ebayimg.com/thumbs/images/g/ZaMAAOSwIV1itHuL/s-l140.jpg,https://www.ebay.com/itm/victorinox-SWISS-ARMY-KNIFE-CAMO-6-BLADE-CAMPING-FISHING-SAK-/255619418430,247**,"Princeton,WV,USA",US,"{'shippingServiceCost': {'@currencyId': 'USD', '#text': '3.99'}, 'shippingType': 'Flat', 'shipToLocations': 'Worldwide', 'expeditedShipping': 'false', 'oneDayShippingAvailable': 'false', 'handlingTime': '1'}","{'currentPrice': {'@currencyId': 'USD', '#text': '16.0'}, 'convertedCurrentPrice': {'@currencyId': 'USD', '#text': '16.0'}, 'sellingState': 'Active', 'timeLeft': 'P30DT9H3M6S'}","{'bestOfferEnabled': 'false', 'buyItNowAvailable': 'false', 'startTime': '2022-07-08T01:35:16.000Z', 'endTime': '2022-08-08T01:35:16.000Z', 'listingType': 'FixedPrice', 'gift': 'false', 'watchCount': '1'}",true,"{'conditionId': '3000', 'conditionDisplayName': 'Used'}",16.0,3.99,19.990000000000002
185488190383,CRKT M16-13Z Spear Point with Tripe Point Serrations Folding Knife,https://i.ebayimg.com/thumbs/images/g/HVEAAOSwqohiwysV/s-l140.jpg,https://www.ebay.com/itm/CRKT-M16-13Z-Spear-Point-Tripe-Point-Serrations-Folding-Knife-/185488190383,914**,"Sherman Oaks,CA,USA",US,"{'shippingServiceCost': {'@currencyId': 'USD', '#text': '0.0'}, 'shippingType': 'Free', 'shipToLocations': 'Worldwide', 'expeditedShipping': 'false', 'oneDayShippingAvailable': 'false', 'handlingTime': '1'}","{'currentPrice': {'@currencyId': 'USD', '#text': '28.99'}, 'convertedCurrentPrice': {'@currencyId': 'USD', '#text': '28.99'}, 'sellingState': 'Active', 'timeLeft': 'P27DT1H32M3S'}","{'bestOfferEnabled': 'false', 'buyItNowAvailable': 'false', 'startTime': '2022-07-04T18:04:13.000Z', 'endTime': '2022-08-04T18:04:13.000Z', 'listingType': 'FixedPrice', 'gift': 'false', 'watchCount': '3'}",true,"{'conditionId': '3000', 'conditionDisplayName': 'Used'}",28.99,0.0,28.99
